model_name,quantity,n_clusters,estimate,lo,hi,n_seeds,n_first_token_disambiguating,dev_target,alpha,n_edited_mean
gemma-2-2b-it,T_S1 - T_B,80,-0.02138409245612912,-0.056607329884952165,0.014485381917798964,160,,,,
gemma-2-2b-it,acc_S1 - acc_B,80,-0.0625,-0.1,-0.028125,160,,,,
gemma-2-2b-it,bothcorrect_S1 - bothcorrect_B,80,-0.075,-0.13125,-0.03125,160,,,,
gemma-2-2b-it,scoreacc_S1 - scoreacc_B,80,-0.059375,-0.10625,-0.0125,160,,,,
gemma-2-2b-it,flipvalid_S1 - flipvalid_B,80,0.00625,-0.0625,0.08125,160,,,,
gemma-2-2b-it,failcons_S1 - failcons_B,80,0.0875,0.0125,0.1625,160,,,,
gemma-2-2b-it,validity_S1 - validity_B,80,-0.046875,-0.075,-0.025,160,,,,
gemma-2-2b-it,T_SE - T_B,80,0.007996661651266605,-0.01168442220318492,0.030448814709418546,160,,,,
gemma-2-2b-it,acc_SE - acc_B,80,-0.009375,-0.03125,0.0125,160,,,,
gemma-2-2b-it,bothcorrect_SE - bothcorrect_B,80,0.0,-0.025,0.025,160,,,,
gemma-2-2b-it,scoreacc_SE - scoreacc_B,80,-0.021875,-0.05,0.00625,160,,,,
gemma-2-2b-it,flipvalid_SE - flipvalid_B,80,0.03125,-0.025,0.0875,160,,,,
gemma-2-2b-it,failcons_SE - failcons_B,80,0.0375,-0.01875,0.09375,160,,,,
gemma-2-2b-it,validity_SE - validity_B,80,-0.003125,-0.009375,0.0,160,,,,
gemma-2-2b-it,T_NE - T_B,79,-0.0006963658134386735,-0.007270439305423206,0.006639922338764602,153,,,,
gemma-2-2b-it,acc_NE - acc_B,79,-0.00949367088607595,-0.022151898734177215,0.0,153,,,,
gemma-2-2b-it,bothcorrect_NE - bothcorrect_B,79,-0.006329113924050633,-0.0189873417721519,0.0,153,,,,
gemma-2-2b-it,scoreacc_NE - scoreacc_B,79,-0.012658227848101266,-0.03164556962025317,0.0031645569620253164,153,,,,
gemma-2-2b-it,flipvalid_NE - flipvalid_B,79,-0.02531645569620253,-0.056962025316455694,0.0,153,,,,
gemma-2-2b-it,failcons_NE - failcons_B,79,-0.02531645569620253,-0.056962025316455694,0.0,153,,,,
gemma-2-2b-it,validity_NE - validity_B,79,0.0,0.0,0.0,153,,,,
gemma-2-2b-it,T_RE - T_B,80,-0.0006090799227097786,-0.004968844956862761,0.00354998146678403,160,,,,
gemma-2-2b-it,acc_RE - acc_B,80,0.00625,0.0,0.015625,160,,,,
gemma-2-2b-it,bothcorrect_RE - bothcorrect_B,80,0.00625,0.0,0.01875,160,,,,
gemma-2-2b-it,scoreacc_RE - scoreacc_B,80,0.0,-0.015625,0.015625,160,,,,
gemma-2-2b-it,flipvalid_RE - flipvalid_B,80,0.0,-0.01875,0.01875,160,,,,
gemma-2-2b-it,failcons_RE - failcons_B,80,0.0,-0.01875,0.01875,160,,,,
gemma-2-2b-it,validity_RE - validity_B,80,0.0,0.0,0.0,160,,,,
gemma-2-2b-it,T_RNE - T_B,79,0.0015097218898022108,-0.0036188910875377847,0.006604519263636062,153,,,,
gemma-2-2b-it,acc_RNE - acc_B,79,0.0,-0.00949367088607595,0.00949367088607595,153,,,,
gemma-2-2b-it,bothcorrect_RNE - bothcorrect_B,79,0.006329113924050633,0.0,0.0189873417721519,153,,,,
gemma-2-2b-it,scoreacc_RNE - scoreacc_B,79,-0.00949367088607595,-0.028481012658227847,0.0031645569620253164,153,,,,
gemma-2-2b-it,flipvalid_RNE - flipvalid_B,79,-0.0189873417721519,-0.04430379746835443,0.0,153,,,,
gemma-2-2b-it,failcons_RNE - failcons_B,79,-0.0189873417721519,-0.04430379746835443,0.0,153,,,,
gemma-2-2b-it,validity_RNE - validity_B,79,0.0,0.0,0.0,153,,,,
gemma-2-2b-it,T_G1 - T_B,80,-0.027916174553867967,-0.08298801389677693,0.03217748060803489,160,,,,
gemma-2-2b-it,acc_G1 - acc_B,80,-0.390625,-0.471875,-0.3125,160,,,,
gemma-2-2b-it,bothcorrect_G1 - bothcorrect_B,80,-0.35625,-0.4375,-0.28125,160,,,,
gemma-2-2b-it,scoreacc_G1 - scoreacc_B,80,0.359375,0.246875,0.465625,160,,,,
gemma-2-2b-it,flipvalid_G1 - flipvalid_B,80,-0.11875,-0.16875,-0.06875,160,,,,
gemma-2-2b-it,failcons_G1 - failcons_B,80,0.76875,0.6875,0.84375,160,,,,
gemma-2-2b-it,validity_G1 - validity_B,80,-0.865625,-0.921875,-0.8,160,,,,
gemma-2-2b-it,T_LC - T_B (gender-eligible subset),5,-0.004942284361343384,-0.028554797051320295,0.018670228328633524,10,,,,
gemma-2-2b-it,acc_LC - acc_B (gender-eligible subset),5,0.0,0.0,0.0,10,,,,
gemma-2-2b-it,T_MC - T_B (gender-eligible subset),5,-0.09754412073886395,-0.1774593707800155,-0.017628870697712434,10,,,,
gemma-2-2b-it,acc_MC - acc_B (gender-eligible subset),5,0.05,0.0,0.15,10,,,,
gemma-2-2b-it,control acc_S1 - acc_B,10,-0.6375,-0.825,-0.425,36,,,,
gemma-2-2b-it,control T_S1 - T_B,10,-0.039108742020485886,-0.14143430947414412,0.0870571857728593,36,,,,
gemma-2-2b-it,control acc_NE - acc_B,10,0.0125,-0.0375,0.075,36,,,,
gemma-2-2b-it,control T_NE - T_B,10,-0.009393211319014879,-0.016719585124214186,-0.0025797660920746962,36,,,,
gemma-2-2b-it,control acc_B,10,0.8,0.5875,0.95,36,,,,
gemma-2-2b-it,control acc_S1,10,0.1625,0.05,0.3125,36,,,,
gemma-2-2b-it,control acc_NE,10,0.8125,0.6,0.9625,36,,,,
gemma-2-2b-it,level T_B,80,0.12788747763876826,0.10172057739411125,0.15566094756211254,160,,,,
gemma-2-2b-it,level acc_B,80,0.41875,0.340625,0.496875,160,,,,
gemma-2-2b-it,level validity_B,80,1.0,1.0,1.0,160,,,,
gemma-2-2b-it,level T_S1,80,0.10650338518263916,0.07630663146410188,0.14018250596008067,160,,,,
gemma-2-2b-it,level acc_S1,80,0.35625,0.28125,0.43125,160,,,,
gemma-2-2b-it,level validity_S1,80,0.953125,0.925,0.975,160,,,,
gemma-2-2b-it,level T_SE,80,0.13588413929003487,0.10278174838108371,0.17296611315554639,160,,,,
gemma-2-2b-it,level acc_SE,80,0.409375,0.33125,0.4875,160,,,,
gemma-2-2b-it,level validity_SE,80,0.996875,0.990625,1.0,160,,,,
gemma-2-2b-it,level T_NE,79,0.1232712741412522,0.09711598456829643,0.1524143346046927,153,,,,
gemma-2-2b-it,level acc_NE,79,0.40189873417721517,0.3227848101265823,0.48417721518987344,153,,,,
gemma-2-2b-it,level validity_NE,79,1.0,1.0,1.0,153,,,,
gemma-2-2b-it,level T_RE,80,0.12727839771605848,0.101086261095582,0.15549370507923685,160,,,,
gemma-2-2b-it,level acc_RE,80,0.425,0.346875,0.5,160,,,,
gemma-2-2b-it,level validity_RE,80,1.0,1.0,1.0,160,,,,
gemma-2-2b-it,level T_RNE,79,0.1254773618444931,0.09962634890394435,0.15427058518063497,153,,,,
gemma-2-2b-it,level acc_RNE,79,0.41139240506329117,0.3322784810126582,0.4936708860759494,153,,,,
gemma-2-2b-it,level validity_RNE,79,1.0,1.0,1.0,153,,,,
gemma-2-2b-it,level T_G1,80,0.09997130308490029,0.05719168063549142,0.1504499218886026,160,,,,
gemma-2-2b-it,level acc_G1,80,0.028125,0.00625,0.053125,160,,,,
gemma-2-2b-it,level validity_G1,80,0.134375,0.078125,0.2,160,,,,
gemma-2-2b-it,C_answer_B (mean),80,0.8663656202645541,0.49020512598879695,1.2441659141265204,160,,,,
gemma-2-2b-it,|C_answer|_B (mean),80,1.8431899805854897,1.5712988486092707,2.133486999078053,160,,,,
gemma-2-2b-it,|C_first|_B (mean),80,0.3094367980957031,0.2609884834289551,0.36293987274169914,160,160.0,,,
gemma-2-2b-it,C_answer_S1 (mean),80,-0.2047387251519514,-0.45197993276788184,0.03942815135728286,160,,,,
gemma-2-2b-it,|C_answer|_S1 (mean),80,1.037832304202018,0.8634596103370279,1.2280971639653622,160,,,,
gemma-2-2b-it,|C_first|_S1 (mean),80,0.27086410522460935,0.2277094078063965,0.32097749710083,160,160.0,,,
gemma-2-2b-it,|C_answer|_B - |C_answer|_S1,80,0.8053576763834718,0.4995143373125624,1.1243974297031905,160,,,,
gemma-2-2b-it,|C_first|_B - |C_first|_S1,80,0.03857269287109375,0.0018153572082519542,0.07743024826049802,160,,,,
gemma-2-2b-it,H1 by category: Age,8,0.05188489156009886,-0.008678684933672551,0.12875323973081662,16,,,,
gemma-2-2b-it,H4 by category: Age,8,-0.03125,-0.21875,0.15625,16,,,,
gemma-2-2b-it,H1 by category: Disability_status,8,-0.06226029332525156,-0.21866485937017588,0.060378942597268496,16,,,,
gemma-2-2b-it,H4 by category: Disability_status,8,-0.21875,-0.40625,-0.09375,16,,,,
gemma-2-2b-it,H1 by category: Gender_identity,9,0.07864517031217949,0.022854933902824615,0.13700913235133547,18,,,,
gemma-2-2b-it,H4 by category: Gender_identity,9,0.0,0.0,0.0,18,,,,
gemma-2-2b-it,H1 by category: Nationality,6,0.12051181632359081,0.002978784839823754,0.2798542698602053,12,,,,
gemma-2-2b-it,H4 by category: Nationality,6,-0.041666666666666664,-0.125,0.0,12,,,,
gemma-2-2b-it,H1 by category: Physical_appearance,8,-0.13954179085973323,-0.24895906473499,-0.04650415925474944,16,,,,
gemma-2-2b-it,H4 by category: Physical_appearance,8,-0.1875,-0.3125,-0.09375,16,,,,
gemma-2-2b-it,H1 by category: Race_ethnicity,21,0.06524398547897313,-0.005371899488134447,0.13397287797143698,42,,,,
gemma-2-2b-it,H4 by category: Race_ethnicity,21,-0.023809523809523808,-0.07142857142857142,0.023809523809523808,42,,,,
gemma-2-2b-it,H1 by category: Religion,8,0.05280235460185546,-0.0460319640860935,0.1682909741029931,16,,,,
gemma-2-2b-it,H4 by category: Religion,8,0.0,-0.09375,0.09375,16,,,,
gemma-2-2b-it,H1 by category: SES,8,-0.026737697882519437,-0.11133800416026839,0.03615284511722047,16,,,,
gemma-2-2b-it,H4 by category: SES,8,-0.0625,-0.15625,0.0,16,,,,
gemma-2-2b-it,H1 by category: Sexual_orientation,4,-0.02486336051871683,-0.10393893112086579,0.026381639039231124,8,,,,
gemma-2-2b-it,H4 by category: Sexual_orientation,4,-0.0625,-0.1875,0.0,8,,,,
gemma-2-2b-it,diag32 perm: T_B - T_S1,28,0.03388282679727049,-0.013755067986518122,0.09057367920514048,32,,,,
gemma-2-2b-it,diag32 label: T_B - T_S1,28,0.007257512539817385,-0.06302902487216026,0.08909939311325532,32,,,,
gemma-2-2b-it,length-normalised T_B - T_S1,80,-0.007473351686971397,-0.016840313527415465,0.001135821679528705,160,,,,
gemma-2-2b-it,"achieved energy S1 (test, / dev denominator)",80,0.027671536284236558,0.007764322953541022,0.0876825268869521,160,,0.00038856788514713314,1.0,3.39375
gemma-2-2b-it,"achieved energy SE (test, / dev denominator)",80,0.0013515858377026978,0.0007591662607620117,0.0026815238378860946,160,,0.00038856788514713314,0.11171170931623985,3.39375
gemma-2-2b-it,"achieved energy NE (test, / dev denominator)",79,0.0013787913028862008,0.0006392279340840899,0.003131762227160131,153,,0.00038856788514713314,0.134336216900742,3.156862745098039
gemma-2-2b-it,"achieved energy RE (test, / dev denominator)",80,0.0013374064489435945,0.0005565184430009201,0.003910671454375192,160,,0.00038856788514713314,1.0,3.39375
gemma-2-2b-it,"achieved energy RNE (test, / dev denominator)",79,0.001297322030996298,0.0005501415150442206,0.003097988138818519,153,,0.00038856788514713314,0.9305990447595787,3.156862745098039
gemma-2-2b-it,"achieved energy G1 (test, / dev denominator)",80,2.8830101678989655,2.6960003124151943,3.0856510576361296,160,,0.00038856788514713314,1.0,218.65
llama-3.1-8b-instruct,T_S1 - T_B,80,-0.05525791858114448,-0.08444946991123477,-0.024651469474056054,160,,,,
llama-3.1-8b-instruct,acc_S1 - acc_B,80,-0.040625,-0.071875,-0.0125,160,,,,
llama-3.1-8b-instruct,bothcorrect_S1 - bothcorrect_B,80,-0.0375,-0.075,-0.00625,160,,,,
llama-3.1-8b-instruct,scoreacc_S1 - scoreacc_B,80,-0.0125,-0.040625,0.01875,160,,,,
llama-3.1-8b-instruct,flipvalid_S1 - flipvalid_B,80,0.0,-0.0625,0.05625,160,,,,
llama-3.1-8b-instruct,failcons_S1 - failcons_B,80,0.00625,-0.05625,0.0625,160,,,,
llama-3.1-8b-instruct,validity_S1 - validity_B,80,-0.003125,-0.009375,0.0,160,,,,
llama-3.1-8b-instruct,T_SE - T_B,80,-0.03117505636219648,-0.05035347686249462,-0.011826645147701606,160,,,,
llama-3.1-8b-instruct,acc_SE - acc_B,80,-0.01875,-0.0375,-0.003125,160,,,,
llama-3.1-8b-instruct,bothcorrect_SE - bothcorrect_B,80,-0.01875,-0.04375,0.00625,160,,,,
llama-3.1-8b-instruct,scoreacc_SE - scoreacc_B,80,0.01875,-0.003125,0.04375,160,,,,
llama-3.1-8b-instruct,flipvalid_SE - flipvalid_B,80,0.0125,-0.03125,0.05625,160,,,,
llama-3.1-8b-instruct,failcons_SE - failcons_B,80,0.0125,-0.03125,0.05625,160,,,,
llama-3.1-8b-instruct,validity_SE - validity_B,80,0.0,0.0,0.0,160,,,,
llama-3.1-8b-instruct,T_NE - T_B,79,0.0006226557874619956,-0.004396503550557419,0.0056504862401991545,155,,,,
llama-3.1-8b-instruct,acc_NE - acc_B,79,0.0031645569620253164,-0.00949367088607595,0.0189873417721519,155,,,,
llama-3.1-8b-instruct,bothcorrect_NE - bothcorrect_B,79,0.006329113924050633,0.0,0.0189873417721519,155,,,,
llama-3.1-8b-instruct,scoreacc_NE - scoreacc_B,79,-0.0031645569620253164,-0.0189873417721519,0.012658227848101266,155,,,,
llama-3.1-8b-instruct,flipvalid_NE - flipvalid_B,79,-0.006329113924050633,-0.03164556962025317,0.0189873417721519,155,,,,
llama-3.1-8b-instruct,failcons_NE - failcons_B,79,-0.006329113924050633,-0.03164556962025317,0.0189873417721519,155,,,,
llama-3.1-8b-instruct,validity_NE - validity_B,79,0.0,0.0,0.0,155,,,,
llama-3.1-8b-instruct,T_RE - T_B,80,-0.00046125017474329814,-0.005963556046596192,0.004789709682257262,160,,,,
llama-3.1-8b-instruct,acc_RE - acc_B,80,0.0,-0.0125,0.0125,160,,,,
llama-3.1-8b-instruct,bothcorrect_RE - bothcorrect_B,80,0.00625,0.0,0.01875,160,,,,
llama-3.1-8b-instruct,scoreacc_RE - scoreacc_B,80,0.009375,-0.009375,0.03125,160,,,,
llama-3.1-8b-instruct,flipvalid_RE - flipvalid_B,80,-0.01875,-0.05,0.00625,160,,,,
llama-3.1-8b-instruct,failcons_RE - failcons_B,80,-0.01875,-0.05,0.00625,160,,,,
llama-3.1-8b-instruct,validity_RE - validity_B,80,0.0,0.0,0.0,160,,,,
llama-3.1-8b-instruct,T_RNE - T_B,79,0.002477309741802575,-0.002616987304930147,0.007649386507745637,155,,,,
llama-3.1-8b-instruct,acc_RNE - acc_B,79,0.006329113924050633,0.0,0.015822784810126583,155,,,,
llama-3.1-8b-instruct,bothcorrect_RNE - bothcorrect_B,79,0.006329113924050633,0.0,0.0189873417721519,155,,,,
llama-3.1-8b-instruct,scoreacc_RNE - scoreacc_B,79,0.006329113924050633,-0.00949367088607595,0.022151898734177215,155,,,,
llama-3.1-8b-instruct,flipvalid_RNE - flipvalid_B,79,0.0,-0.0189873417721519,0.0189873417721519,155,,,,
llama-3.1-8b-instruct,failcons_RNE - failcons_B,79,0.0,-0.0189873417721519,0.0189873417721519,155,,,,
llama-3.1-8b-instruct,validity_RNE - validity_B,79,0.0,0.0,0.0,155,,,,
llama-3.1-8b-instruct,T_G1 - T_B,80,0.008072261375195056,-0.028335287770308873,0.04562961953246325,160,,,,
llama-3.1-8b-instruct,acc_G1 - acc_B,80,-0.215625,-0.28125,-0.15,160,,,,
llama-3.1-8b-instruct,bothcorrect_G1 - bothcorrect_B,80,-0.23125,-0.3,-0.1625,160,,,,
llama-3.1-8b-instruct,scoreacc_G1 - scoreacc_B,80,0.315625,0.228125,0.40625,160,,,,
llama-3.1-8b-instruct,flipvalid_G1 - flipvalid_B,80,-0.01875,-0.075,0.0375,160,,,,
llama-3.1-8b-instruct,failcons_G1 - failcons_B,80,0.2625,0.175,0.35,160,,,,
llama-3.1-8b-instruct,validity_G1 - validity_B,80,-0.225,-0.29375,-0.159375,160,,,,
llama-3.1-8b-instruct,T_LC - T_B (gender-eligible subset),5,-0.05240068901841338,-0.12073566137350422,-0.0035951340908357207,10,,,,
llama-3.1-8b-instruct,acc_LC - acc_B (gender-eligible subset),5,0.05,0.0,0.15,10,,,,
llama-3.1-8b-instruct,T_MC - T_B (gender-eligible subset),5,-0.082009438120468,-0.13450462893252904,-0.02951424730840695,10,,,,
llama-3.1-8b-instruct,acc_MC - acc_B (gender-eligible subset),5,0.05,0.0,0.15,10,,,,
llama-3.1-8b-instruct,control acc_S1 - acc_B,10,-0.4375,-0.65,-0.2375,36,,,,
llama-3.1-8b-instruct,control T_S1 - T_B,10,0.11519819530985212,0.0379215444140396,0.1996828255825177,36,,,,
llama-3.1-8b-instruct,control acc_NE - acc_B,10,0.0,0.0,0.0,36,,,,
llama-3.1-8b-instruct,control T_NE - T_B,10,0.00540195557133313,-0.004528803024488677,0.014606009702963215,36,,,,
llama-3.1-8b-instruct,control acc_B,10,0.8375,0.7,0.9625,36,,,,
llama-3.1-8b-instruct,control acc_S1,10,0.4,0.2375,0.5875,36,,,,
llama-3.1-8b-instruct,control acc_NE,10,0.8375,0.7,0.9625,36,,,,
llama-3.1-8b-instruct,level T_B,80,0.14127486317752852,0.12156296884203278,0.16128568474591665,160,,,,
llama-3.1-8b-instruct,level acc_B,80,0.684375,0.609375,0.75625,160,,,,
llama-3.1-8b-instruct,level validity_B,80,1.0,1.0,1.0,160,,,,
llama-3.1-8b-instruct,level T_S1,80,0.08601694459638401,0.06683856314734209,0.10833226422619803,160,,,,
llama-3.1-8b-instruct,level acc_S1,80,0.64375,0.5625,0.721875,160,,,,
llama-3.1-8b-instruct,level validity_S1,80,0.996875,0.990625,1.0,160,,,,
llama-3.1-8b-instruct,level T_SE,80,0.11009980681533202,0.0934688662985359,0.12761092546297087,160,,,,
llama-3.1-8b-instruct,level acc_SE,80,0.665625,0.5875,0.740625,160,,,,
llama-3.1-8b-instruct,level validity_SE,80,1.0,1.0,1.0,160,,,,
llama-3.1-8b-instruct,level T_NE,79,0.14357872988533266,0.12379815705740635,0.1638967839577951,155,,,,
llama-3.1-8b-instruct,level acc_NE,79,0.6867088607594937,0.6107594936708861,0.759493670886076,155,,,,
llama-3.1-8b-instruct,level validity_NE,79,1.0,1.0,1.0,155,,,,
llama-3.1-8b-instruct,level T_RE,80,0.14081361300278522,0.12159389528039381,0.16101074094171253,160,,,,
llama-3.1-8b-instruct,level acc_RE,80,0.684375,0.609375,0.75625,160,,,,
llama-3.1-8b-instruct,level validity_RE,80,1.0,1.0,1.0,160,,,,
llama-3.1-8b-instruct,level T_RNE,79,0.14543338383967322,0.12642491335206066,0.16526933853778852,155,,,,
llama-3.1-8b-instruct,level acc_RNE,79,0.689873417721519,0.6139240506329114,0.7626582278481012,155,,,,
llama-3.1-8b-instruct,level validity_RNE,79,1.0,1.0,1.0,155,,,,
llama-3.1-8b-instruct,level T_G1,80,0.14934712455272353,0.11806960274068916,0.18286550422982506,160,,,,
llama-3.1-8b-instruct,level acc_G1,80,0.46875,0.3875,0.55,160,,,,
llama-3.1-8b-instruct,level validity_G1,80,0.775,0.70625,0.840625,160,,,,
llama-3.1-8b-instruct,C_answer_B (mean),80,0.6297821286452185,0.454226826203743,0.8081450512076451,160,,,,
llama-3.1-8b-instruct,|C_answer|_B (mean),80,0.9880287407550735,0.8597899488621963,1.1279321553925463,160,,,,
llama-3.1-8b-instruct,|C_first|_B (mean),80,0.15740966796875,0.13438629150390627,0.1823486328125,160,160.0,,,
llama-3.1-8b-instruct,C_answer_S1 (mean),80,0.05873481360099778,-0.08916245596461699,0.21900620892941333,160,,,,
llama-3.1-8b-instruct,|C_answer|_S1 (mean),80,0.6208563971425781,0.5052707236553113,0.7534007300700521,160,,,,
llama-3.1-8b-instruct,|C_first|_S1 (mean),80,0.136370849609375,0.11489837646484374,0.1601507568359375,160,160.0,,,
llama-3.1-8b-instruct,|C_answer|_B - |C_answer|_S1,80,0.36717234361249546,0.23823917931211716,0.5026073006478293,160,,,,
llama-3.1-8b-instruct,|C_first|_B - |C_first|_S1,80,0.021038818359375,0.002947998046875,0.03855682373046874,160,,,,
llama-3.1-8b-instruct,H1 by category: Age,8,0.033709847317267505,-0.04834061577035681,0.14119787806572884,16,,,,
llama-3.1-8b-instruct,H4 by category: Age,8,0.0,-0.09375,0.09375,16,,,,
llama-3.1-8b-instruct,H1 by category: Disability_status,8,-0.052810689315873814,-0.185023471691885,0.05781902366165379,16,,,,
llama-3.1-8b-instruct,H4 by category: Disability_status,8,-0.0625,-0.15625,0.0,16,,,,
llama-3.1-8b-instruct,H1 by category: Gender_identity,9,0.0634079151723309,0.021684204182613884,0.10834133455926834,18,,,,
llama-3.1-8b-instruct,H4 by category: Gender_identity,9,0.0,-0.08333333333333333,0.08333333333333333,18,,,,
llama-3.1-8b-instruct,H1 by category: Nationality,6,0.05294883899443839,-0.008071411816497254,0.10578154338420998,12,,,,
llama-3.1-8b-instruct,H4 by category: Nationality,6,-0.08333333333333333,-0.25,0.0,12,,,,
llama-3.1-8b-instruct,H1 by category: Physical_appearance,8,0.013438377926593185,-0.06924869347937444,0.09423788434652543,16,,,,
llama-3.1-8b-instruct,H4 by category: Physical_appearance,8,-0.15625,-0.3125,-0.03125,16,,,,
llama-3.1-8b-instruct,H1 by category: Race_ethnicity,21,0.10513873005336112,0.05777065829703375,0.15312096935427089,42,,,,
llama-3.1-8b-instruct,H4 by category: Race_ethnicity,21,-0.023809523809523808,-0.07142857142857142,0.023809523809523808,42,,,,
llama-3.1-8b-instruct,H1 by category: Religion,8,0.1282328241306102,0.06350478549383994,0.18685048120501646,16,,,,
llama-3.1-8b-instruct,H4 by category: Religion,8,0.0,0.0,0.0,16,,,,
llama-3.1-8b-instruct,H1 by category: SES,8,0.0029856732126481295,-0.10065707635629706,0.1122316068256741,16,,,,
llama-3.1-8b-instruct,H4 by category: SES,8,0.0,0.0,0.0,16,,,,
llama-3.1-8b-instruct,H1 by category: Sexual_orientation,4,0.07997690467085121,-0.129444318918913,0.2655524433829929,8,,,,
llama-3.1-8b-instruct,H4 by category: Sexual_orientation,4,-0.125,-0.25,0.0,8,,,,
llama-3.1-8b-instruct,diag32 perm: T_B - T_S1,28,0.06947602507025576,0.010144920619937275,0.13220430331822192,32,,,,
llama-3.1-8b-instruct,diag32 label: T_B - T_S1,28,-0.009244689475822767,-0.02688752466029004,0.008002428469268678,32,,,,
llama-3.1-8b-instruct,length-normalised T_B - T_S1,80,-0.012391453001603636,-0.01807406591845208,-0.0066550392324099825,160,,,,
llama-3.1-8b-instruct,"achieved energy S1 (test, / dev denominator)",80,0.00593875378361879,0.0021102528828901377,0.015355189681789453,160,,5.250229596953418e-05,1.0,3.384375
llama-3.1-8b-instruct,"achieved energy SE (test, / dev denominator)",80,0.00016724557910189963,9.60061259594179e-05,0.0003008985972113631,160,,5.250229596953418e-05,0.10183201891808542,3.384375
llama-3.1-8b-instruct,"achieved energy NE (test, / dev denominator)",79,0.00018729791337767778,8.019529714090976e-05,0.0004279298671359919,155,,5.250229596953418e-05,0.14029122398633198,3.203225806451613
llama-3.1-8b-instruct,"achieved energy RE (test, / dev denominator)",80,0.00016083193134507163,5.701519867082073e-05,0.0003793593874322815,160,,5.250229596953418e-05,1.0,3.384375
llama-3.1-8b-instruct,"achieved energy RNE (test, / dev denominator)",79,0.00014235120931352984,5.0493555983404483e-05,0.000313425705109683,155,,5.250229596953418e-05,0.8672575288416947,3.203225806451613
llama-3.1-8b-instruct,"achieved energy G1 (test, / dev denominator)",80,0.2900663008570977,0.2570246756896388,0.33600366089320793,160,,5.250229596953418e-05,1.0,241.478125
