model_name,part,eraser,n_rows_fit,n_rows_heldout,n_pairs,shrinkage,d,layer,leace_rank,cov_effective_rank_fit,probe_pre,probe_post,max_abs_cov_post_fit,abs_cos_to_contrast_basis
llama-3.1-8b-instruct,part_a,swap_small,114,1050,50.0,True,4096,8,1,101,0.659047619047619,0.5,7.306797462597228e-08,0.19870003290190508
llama-3.1-8b-instruct,part_a,swap_small,114,1050,50.0,True,4096,16,1,101,0.6819047619047619,0.5,1.1666040671499151e-07,0.1650705046507722
llama-3.1-8b-instruct,part_a,swap_small,114,1050,50.0,True,4096,24,1,101,0.679047619047619,0.5,1.8835590596784626e-07,0.12783380160047958
llama-3.1-8b-instruct,part_a,swap_300,684,1050,300.0,True,4096,8,1,539,0.7066666666666667,0.4714285714285714,9.759037880695354e-05,0.01921769564610902
llama-3.1-8b-instruct,part_a,swap_300,684,1050,300.0,True,4096,16,1,539,0.7266666666666667,0.5104761904761905,0.0001704143850426925,0.04170604705466084
llama-3.1-8b-instruct,part_a,swap_300,684,1050,300.0,True,4096,24,1,540,0.7152380952380952,0.48,0.00026047486016711995,0.03226494624127438
llama-3.1-8b-instruct,part_a,swap_max,4108,1050,1868.0,True,4096,8,1,1451,0.6866666666666666,0.5504761904761905,0.00020323186648507196,0.10628453883434127
llama-3.1-8b-instruct,part_a,swap_max,4108,1050,1868.0,True,4096,16,1,1451,0.7066666666666667,0.48857142857142855,0.0002697401211273738,0.08672230481614429
llama-3.1-8b-instruct,part_a,swap_max,4108,1050,1868.0,True,4096,24,1,1457,0.7,0.5142857142857142,0.0004546991272846703,0.020551622434567183
llama-3.1-8b-instruct,part_a,swap_max_noshrink,4108,1050,1868.0,False,4096,8,1,1451,0.6866666666666666,0.5542857142857143,0.00020746351967854996,0.10628765014741527
llama-3.1-8b-instruct,part_a,swap_max_noshrink,4108,1050,1868.0,False,4096,16,1,1451,0.7066666666666667,0.48857142857142855,0.0002819194140805053,0.08672627917506252
llama-3.1-8b-instruct,part_a,swap_max_noshrink,4108,1050,1868.0,False,4096,24,1,1457,0.7,0.49047619047619045,0.0005159954671469584,0.02055058627500761
llama-3.1-8b-instruct,part_b,gender_large,5724,2170,,True,4096,8,1,2177,1.0,0.5645161290322581,3.708775067612218e-05,0.043246057103823884
llama-3.1-8b-instruct,part_b,gender_large,5724,2170,,True,4096,16,1,2408,1.0,0.4875576036866359,6.660846182143438e-05,0.029770314593783834
llama-3.1-8b-instruct,part_b,gender_large,5724,2170,,True,4096,24,1,2572,1.0,0.447926267281106,7.270685863858758e-05,0.0037795744111693893
llama-3.1-8b-instruct,part_b,gender_small,61,2170,,True,4096,8,1,60,0.9907834101382489,0.5170506912442396,7.047716631325576e-08,0.08145531672101128
llama-3.1-8b-instruct,part_b,gender_small,61,2170,,True,4096,16,1,60,0.9907834101382489,0.5170506912442396,8.100849490955787e-07,0.03441613898220018
llama-3.1-8b-instruct,part_b,gender_small,61,2170,,True,4096,24,1,60,0.9907834101382489,0.5170506912442396,1.2288392150771931e-06,0.028582270152793732
qwen2.5-7b-instruct,part_a,swap_small,114,1052,50.0,True,3584,7,1,100,0.6958174904942965,0.5,1.3952192507292096e-06,0.14670730179164992
qwen2.5-7b-instruct,part_a,swap_small,114,1052,50.0,True,3584,14,1,100,0.626425855513308,0.5,1.5591973798316821e-06,0.1791123766979782
qwen2.5-7b-instruct,part_a,swap_small,114,1052,50.0,True,3584,21,1,100,0.6739543726235742,0.5,4.8781696118806535e-06,0.11905419364366465
qwen2.5-7b-instruct,part_a,swap_300,684,1052,300.0,True,3584,7,1,531,0.723384030418251,0.49714828897338403,0.0010651873359293269,0.04589271400029577
qwen2.5-7b-instruct,part_a,swap_300,684,1052,300.0,True,3584,14,1,531,0.69106463878327,0.4686311787072243,0.0009614087761058445,0.035836600230868196
qwen2.5-7b-instruct,part_a,swap_300,684,1052,300.0,True,3584,21,1,531,0.717680608365019,0.45722433460076045,0.0009753367269945423,0.08051960039541982
qwen2.5-7b-instruct,part_a,swap_max,4118,1052,1868.0,True,3584,7,1,1456,0.7157794676806084,0.5408745247148289,0.0015105457959272376,0.08382426063536383
qwen2.5-7b-instruct,part_a,swap_max,4118,1052,1868.0,True,3584,14,1,1461,0.6825095057034221,0.5218631178707225,0.0016085530996264735,0.0920897637764457
qwen2.5-7b-instruct,part_a,swap_max,4118,1052,1868.0,True,3584,21,1,1463,0.6996197718631179,0.5332699619771863,0.0032417921857359256,0.04295995682478386
qwen2.5-7b-instruct,part_a,swap_max_noshrink,4118,1052,1868.0,False,3584,7,1,1456,0.7157794676806084,0.5408745247148289,0.0014431452068340552,0.0838238093131988
qwen2.5-7b-instruct,part_a,swap_max_noshrink,4118,1052,1868.0,False,3584,14,1,1461,0.6825095057034221,0.5171102661596958,0.0018261951064639384,0.0920893714232202
qwen2.5-7b-instruct,part_a,swap_max_noshrink,4118,1052,1868.0,False,3584,21,1,1463,0.6996197718631179,0.5256653992395437,0.0035047398096709472,0.04296029606339759
gemma-2-2b-it,part_a,swap_small,114,1052,50.0,True,2304,6,1,100,0.6749049429657795,0.5,1.6391277313232422e-06,0.2545295157431571
gemma-2-2b-it,part_a,swap_small,114,1052,50.0,True,2304,13,1,100,0.6397338403041825,0.5,7.09399842379386e-06,0.28382691895882306
gemma-2-2b-it,part_a,swap_small,114,1052,50.0,True,2304,19,1,100,0.688212927756654,0.5,1.1912563390899123e-05,0.3673578052294558
gemma-2-2b-it,part_a,swap_300,696,1052,300.0,True,2304,6,1,545,0.7091254752851711,0.49809885931558934,0.0017777928847005997,0.04736634622578408
gemma-2-2b-it,part_a,swap_300,696,1052,300.0,True,2304,13,1,545,0.7262357414448669,0.5313688212927756,0.002033366168710007,0.08036411215530842
gemma-2-2b-it,part_a,swap_300,696,1052,300.0,True,2304,19,1,546,0.717680608365019,0.5399239543726235,0.0015322809246764786,0.0653654277198815
gemma-2-2b-it,part_a,swap_max,4204,1052,1868.0,True,2304,6,1,1505,0.7062737642585551,0.4847908745247148,0.002632353647118461,0.12179850070470404
gemma-2-2b-it,part_a,swap_max,4204,1052,1868.0,True,2304,13,1,1518,0.69106463878327,0.4914448669201521,0.0048252009812363205,0.23606723474033936
gemma-2-2b-it,part_a,swap_max,4204,1052,1868.0,True,2304,19,1,1518,0.7024714828897338,0.4448669201520912,0.007351525426513518,0.08245411841129613
gemma-2-2b-it,part_a,swap_max_noshrink,4204,1052,1868.0,False,2304,6,1,1505,0.7062737642585551,0.4876425855513308,0.0029468006878864412,0.12179229090747694
gemma-2-2b-it,part_a,swap_max_noshrink,4204,1052,1868.0,False,2304,13,1,1518,0.69106463878327,0.4752851711026616,0.0051463289021538286,0.23606781363083554
gemma-2-2b-it,part_a,swap_max_noshrink,4204,1052,1868.0,False,2304,19,1,1518,0.7024714828897338,0.46577946768060835,0.007480766351284241,0.08245516890989944
gemma-2-2b-it,part_b,gender_large,5570,2054,,True,2304,6,1,1545,1.0,0.48296007789678674,0.000263827825149043,0.06692388440919972
gemma-2-2b-it,part_b,gender_large,5570,2054,,True,2304,13,1,1680,1.0,0.45034079844206426,0.001101667940937638,0.030548112621337387
gemma-2-2b-it,part_b,gender_large,5570,2054,,True,2304,19,1,1672,1.0,0.5511197663096398,0.0014147855649088614,0.06768411319481629
gemma-2-2b-it,part_b,gender_small,61,2054,,True,2304,6,1,60,1.0,0.49951314508276534,8.306846731416081e-06,0.0067992765168076175
gemma-2-2b-it,part_b,gender_small,61,2054,,True,2304,13,1,60,0.9995131450827653,0.49951314508276534,5.25712646557674e-06,0.08804790417352545
gemma-2-2b-it,part_b,gender_small,61,2054,,True,2304,19,1,60,0.9961051606621227,0.49951314508276534,1.1229316446587835e-05,0.03429184830018408
phi-4-mini-instruct,part_a,swap_small,110,1050,50.0,True,3072,8,1,96,0.6819047619047619,0.5,5.597418004816229e-07,0.2947066199186482
phi-4-mini-instruct,part_a,swap_small,110,1050,50.0,True,3072,16,1,96,0.6704761904761904,0.5,1.413171941583807e-06,0.27839006323394877
phi-4-mini-instruct,part_a,swap_small,110,1050,50.0,True,3072,24,1,96,0.6704761904761904,0.5,1.0403719815340908e-06,0.09979153416814167
phi-4-mini-instruct,part_a,swap_300,682,1050,300.0,True,3072,8,1,536,0.7161904761904762,0.5171428571428571,0.00048051036817849205,0.06034306381936322
phi-4-mini-instruct,part_a,swap_300,682,1050,300.0,True,3072,16,1,536,0.7161904761904762,0.4838095238095238,0.0006541553242924101,0.04907119347218643
phi-4-mini-instruct,part_a,swap_300,682,1050,300.0,True,3072,24,1,536,0.7180952380952381,0.49142857142857144,0.00032078695437076155,0.1590034630123004
phi-4-mini-instruct,part_a,swap_max,4102,1050,1868.0,True,3072,8,1,1446,0.6923809523809524,0.4866666666666667,0.0007054783042424019,0.16371343687326756
phi-4-mini-instruct,part_a,swap_max,4102,1050,1868.0,True,3072,16,1,1449,0.7,0.4961904761904762,0.001007906434152081,0.13875654550873504
phi-4-mini-instruct,part_a,swap_max,4102,1050,1868.0,True,3072,24,1,1456,0.6971428571428572,0.44952380952380955,0.002642648538864281,0.07722657085767753
phi-4-mini-instruct,part_a,swap_max_noshrink,4102,1050,1868.0,False,3072,8,1,1446,0.6923809523809524,0.49333333333333335,0.0007967805859520632,0.16371492744411487
phi-4-mini-instruct,part_a,swap_max_noshrink,4102,1050,1868.0,False,3072,16,1,1449,0.7,0.5009523809523809,0.0010580011538576348,0.1387609340641326
phi-4-mini-instruct,part_a,swap_max_noshrink,4102,1050,1868.0,False,3072,24,1,1456,0.6971428571428572,0.47333333333333333,0.0026118729367074823,0.07722320011223265
