study,model_name,condition,quantity,estimate,n,n_clusters,lo,hi
A1,llama-3.1-8b-instruct,-,"reproduction: corr(C_raw, stored C)",1.0,,,,
A1,llama-3.1-8b-instruct,-,reproduction: median |C_raw - stored C|,0.0,,,,
A1,llama-3.1-8b-instruct,unedited_r0_a0,reproduction: mean|C_raw| / mean|stored C|,1.0,,,,
A1,llama-3.1-8b-instruct,cure_centred_svd_r1_a1,reproduction: mean|C_raw| / mean|stored C|,1.0,,,,
A1,llama-3.1-8b-instruct,cure_centred_svd_r1_a1,"mean logit shift (patched - clean, mean over vocab)",0.0018668050545784353,160.0,160.0,-0.0020935866352965603,0.006080107902882901
A1,llama-3.1-8b-instruct,cure_centred_svd_r1_a1,log-partition shift LSE(patched) - LSE(clean),0.006062734127044678,160.0,160.0,-0.02170604258775711,0.034606841206550595
A1,llama-3.1-8b-instruct,cure_centred_svd_r1_a1,mean |C_raw|,0.11380391120910645,160.0,160.0,0.09738911628723144,0.1317504382133484
A1,llama-3.1-8b-instruct,cure_centred_svd_r1_a1,mean |C_logp|,0.19946898221969606,160.0,160.0,0.17031936466693878,0.2316275450587272
A1,llama-3.1-8b-instruct,cure_centred_svd_r1_a1,mean |C_margin|,0.16268647848805295,160.0,160.0,0.1367276733434653,0.18957529999787293
A1,llama-3.1-8b-instruct,leace_faithful_r1_a1,mean |C_raw|,0.147003173828125,160.0,160.0,0.11934501647949218,0.17798248291015625
A1,llama-3.1-8b-instruct,leace_faithful_r1_a1,mean |C_logp|,0.2858250498771667,160.0,160.0,0.2352238428592682,0.3436738595366478
A1,llama-3.1-8b-instruct,leace_faithful_r1_a1,mean |C_margin|,0.1504801198651519,160.0,160.0,0.12409700900316238,0.17932129341967498
A1,llama-3.1-8b-instruct,leace_gender_large_r1_a1,mean |C_raw|,0.15092067718505858,160.0,160.0,0.12128583908081055,0.18435904502868652
A1,llama-3.1-8b-instruct,leace_gender_large_r1_a1,mean |C_logp|,0.2821452260017395,160.0,160.0,0.22776683777570725,0.3461558175086975
A1,llama-3.1-8b-instruct,leace_gender_large_r1_a1,mean |C_margin|,0.14245119426823868,160.0,160.0,0.11678188573333283,0.1696132589933238
A1,llama-3.1-8b-instruct,leace_gender_small_r1_a1,mean |C_raw|,0.15260541439056396,160.0,160.0,0.12372869074344636,0.1849455976486206
A1,llama-3.1-8b-instruct,leace_gender_small_r1_a1,mean |C_logp|,0.2905461311340332,160.0,160.0,0.238659570813179,0.35032656580209737
A1,llama-3.1-8b-instruct,leace_gender_small_r1_a1,mean |C_margin|,0.1580819729008252,160.0,160.0,0.1332127218948135,0.18469650845361663
A1,llama-3.1-8b-instruct,leace_mw_f3_r1_a1,mean |C_raw|,0.15238895416259765,160.0,160.0,0.12321585655212403,0.1855133581161499
A1,llama-3.1-8b-instruct,leace_mw_f3_r1_a1,mean |C_logp|,0.29472955465316775,160.0,160.0,0.24346978217363358,0.35393923163414
A1,llama-3.1-8b-instruct,leace_mw_f3_r1_a1,mean |C_margin|,0.15569078771373893,160.0,160.0,0.12838887785431707,0.18498042712483223
A1,llama-3.1-8b-instruct,leace_sequential_r1_a1,mean |C_raw|,0.14923477172851562,160.0,160.0,0.12294126510620118,0.17964483261108397
A1,llama-3.1-8b-instruct,leace_sequential_r1_a1,mean |C_logp|,0.2903495192527771,160.0,160.0,0.23859101176261902,0.3513768517971039
A1,llama-3.1-8b-instruct,leace_sequential_r1_a1,mean |C_margin|,0.15526364498500583,160.0,160.0,0.127801853399488,0.18529509803916833
A1,llama-3.1-8b-instruct,leace_swap_300_r1_a1,mean |C_raw|,0.15984268188476564,160.0,160.0,0.1303311538696289,0.1927928161621094
A1,llama-3.1-8b-instruct,leace_swap_300_r1_a1,mean |C_logp|,0.30265756845474245,160.0,160.0,0.24624527782201766,0.36766281127929684
A1,llama-3.1-8b-instruct,leace_swap_300_r1_a1,mean |C_margin|,0.16618560160262674,160.0,160.0,0.13741595250896263,0.19583286716590953
A1,llama-3.1-8b-instruct,leace_swap_max_noshrink_r1_a1,mean |C_raw|,0.1522439956665039,160.0,160.0,0.12234001159667969,0.1860153532028198
A1,llama-3.1-8b-instruct,leace_swap_max_noshrink_r1_a1,mean |C_logp|,0.2958593249320984,160.0,160.0,0.24005793660879135,0.35994989335536953
A1,llama-3.1-8b-instruct,leace_swap_max_noshrink_r1_a1,mean |C_margin|,0.1679930173898045,160.0,160.0,0.14004252249304253,0.19727800505447993
A1,llama-3.1-8b-instruct,leace_swap_max_r1_a1,mean |C_raw|,0.1558359146118164,160.0,160.0,0.12830313205718993,0.18651675224304198
A1,llama-3.1-8b-instruct,leace_swap_max_r1_a1,mean |C_logp|,0.29809160232543946,160.0,160.0,0.24520901918411253,0.35833614289760585
A1,llama-3.1-8b-instruct,leace_swap_max_r1_a1,mean |C_margin|,0.17616926190219348,160.0,160.0,0.14607207854337328,0.20732881291003166
A1,llama-3.1-8b-instruct,leace_swap_small_r1_a1,mean |C_raw|,0.1485748291015625,160.0,160.0,0.12430465698242187,0.1756092643737793
A1,llama-3.1-8b-instruct,leace_swap_small_r1_a1,mean |C_logp|,0.2774967312812805,160.0,160.0,0.23022675663232803,0.3322820544242859
A1,llama-3.1-8b-instruct,leace_swap_small_r1_a1,mean |C_margin|,0.16024226931077015,160.0,160.0,0.1328787416596956,0.18975080926961535
A1,llama-3.1-8b-instruct,random_ortho_1_r1_a1,mean |C_raw|,0.15491256713867188,160.0,160.0,0.12469289779663086,0.18908782958984374
A1,llama-3.1-8b-instruct,random_ortho_1_r1_a1,mean |C_logp|,0.29298474788665774,160.0,160.0,0.2376662376523018,0.3561193171143532
A1,llama-3.1-8b-instruct,random_ortho_1_r1_a1,mean |C_margin|,0.17094371213188655,160.0,160.0,0.142139145241508,0.20112024208035648
A1,llama-3.1-8b-instruct,random_ortho_2_r1_a1,mean |C_raw|,0.15034828186035157,160.0,160.0,0.123148832321167,0.18070151329040526
A1,llama-3.1-8b-instruct,random_ortho_2_r1_a1,mean |C_logp|,0.28698418140411375,160.0,160.0,0.2378549048304558,0.34492644816637036
A1,llama-3.1-8b-instruct,random_ortho_2_r1_a1,mean |C_margin|,0.160051379022719,160.0,160.0,0.1334928272645685,0.1879326073806497
A1,llama-3.1-8b-instruct,random_ortho_3_r1_a1,mean |C_raw|,0.15253009796142578,160.0,160.0,0.12253283977508544,0.1868412446975708
A1,llama-3.1-8b-instruct,random_ortho_3_r1_a1,mean |C_logp|,0.3032207369804382,160.0,160.0,0.2490426155924797,0.36391767978668216
A1,llama-3.1-8b-instruct,random_ortho_3_r1_a1,mean |C_margin|,0.15113818570028378,160.0,160.0,0.12205928435808497,0.18144240394423278
A1,llama-3.1-8b-instruct,unedited_r0_a0,mean |C_raw|,0.15823893547058104,160.0,160.0,0.1280387043952942,0.1922858989238739
A1,llama-3.1-8b-instruct,unedited_r0_a0,mean |C_logp|,0.2971067070960999,160.0,160.0,0.24313018828630448,0.3590535929799079
A1,llama-3.1-8b-instruct,unedited_r0_a0,mean |C_margin|,0.1621441584599169,160.0,160.0,0.13185372269606288,0.1933532015243663
A1,qwen2.5-7b-instruct,-,"reproduction: corr(C_raw, stored C)",1.0,,,,
A1,qwen2.5-7b-instruct,-,reproduction: median |C_raw - stored C|,0.0,,,,
A1,qwen2.5-7b-instruct,unedited_r0_a0,reproduction: mean|C_raw| / mean|stored C|,1.0,,,,
A1,qwen2.5-7b-instruct,cure_centred_svd_r1_a1,reproduction: mean|C_raw| / mean|stored C|,1.0,,,,
A1,qwen2.5-7b-instruct,cure_centred_svd_r1_a1,"mean logit shift (patched - clean, mean over vocab)",0.014411998171362938,160.0,160.0,-0.02805920150300153,0.05905023258383608
A1,qwen2.5-7b-instruct,cure_centred_svd_r1_a1,log-partition shift LSE(patched) - LSE(clean),0.11459571123123169,160.0,160.0,-0.06749914407730102,0.30777229338884354
A1,qwen2.5-7b-instruct,cure_centred_svd_r1_a1,mean |C_raw|,0.5872692108154297,160.0,160.0,0.48566872596740723,0.699726161956787
A1,qwen2.5-7b-instruct,cure_centred_svd_r1_a1,mean |C_logp|,1.1266528129577638,160.0,160.0,0.9449892082810403,1.328819315135479
A1,qwen2.5-7b-instruct,cure_centred_svd_r1_a1,mean |C_margin|,0.6727362673778039,160.0,160.0,0.49761320495760286,0.8723225098538706
A1,qwen2.5-7b-instruct,leace_faithful_r1_a1,mean |C_raw|,0.6674274444580078,160.0,160.0,0.5508276009559631,0.7964751100540161
A1,qwen2.5-7b-instruct,leace_faithful_r1_a1,mean |C_logp|,1.3159934759140015,160.0,160.0,1.119403857588768,1.527526423037052
A1,qwen2.5-7b-instruct,leace_faithful_r1_a1,mean |C_margin|,0.8462672078764284,160.0,160.0,0.6120454150747943,1.1226963386520161
A1,qwen2.5-7b-instruct,leace_sequential_r1_a1,mean |C_raw|,0.6397724628448487,160.0,160.0,0.5279916572570801,0.7613612747192382
A1,qwen2.5-7b-instruct,leace_sequential_r1_a1,mean |C_logp|,1.284543764591217,160.0,160.0,1.096955012381077,1.4849880671501159
A1,qwen2.5-7b-instruct,leace_sequential_r1_a1,mean |C_margin|,0.8266938773842601,160.0,160.0,0.5957668706774711,1.0988523061109052
A1,qwen2.5-7b-instruct,leace_swap_300_r1_a1,mean |C_raw|,0.6481803894042969,160.0,160.0,0.5318231391906738,0.7761975479125975
A1,qwen2.5-7b-instruct,leace_swap_300_r1_a1,mean |C_logp|,1.2637731432914734,160.0,160.0,1.0728691691160201,1.4719040477275847
A1,qwen2.5-7b-instruct,leace_swap_300_r1_a1,mean |C_margin|,0.830170352737625,160.0,160.0,0.5910388424411996,1.1133313983291773
A1,qwen2.5-7b-instruct,leace_swap_max_noshrink_r1_a1,mean |C_raw|,0.6538068294525147,160.0,160.0,0.5395477485656738,0.7779386484622954
A1,qwen2.5-7b-instruct,leace_swap_max_noshrink_r1_a1,mean |C_logp|,1.2881449222564698,160.0,160.0,1.0974835738539697,1.4941411587595939
A1,qwen2.5-7b-instruct,leace_swap_max_noshrink_r1_a1,mean |C_margin|,0.8634112961106486,160.0,160.0,0.6268564788261792,1.1459402455815246
A1,qwen2.5-7b-instruct,leace_swap_max_r1_a1,mean |C_raw|,0.6498600006103515,160.0,160.0,0.5363221645355225,0.772811975479126
A1,qwen2.5-7b-instruct,leace_swap_max_r1_a1,mean |C_logp|,1.29574875831604,160.0,160.0,1.1041452568769454,1.5048582574725151
A1,qwen2.5-7b-instruct,leace_swap_max_r1_a1,mean |C_margin|,0.8646155429350866,160.0,160.0,0.6293185918652392,1.1374934427149883
A1,qwen2.5-7b-instruct,leace_swap_small_r1_a1,mean |C_raw|,0.6481063842773438,160.0,160.0,0.5320397567749023,0.7752268600463866
A1,qwen2.5-7b-instruct,leace_swap_small_r1_a1,mean |C_logp|,1.278052604198456,160.0,160.0,1.0824812710285185,1.4863854241371155
A1,qwen2.5-7b-instruct,leace_swap_small_r1_a1,mean |C_margin|,0.8419865540095738,160.0,160.0,0.6090354783387927,1.116746140726201
A1,qwen2.5-7b-instruct,random_ortho_1_r1_a1,mean |C_raw|,0.6514640808105469,160.0,160.0,0.5366019535064698,0.7767749595642089
A1,qwen2.5-7b-instruct,random_ortho_1_r1_a1,mean |C_logp|,1.3054201126098632,160.0,160.0,1.115495103597641,1.5132997876405714
A1,qwen2.5-7b-instruct,random_ortho_1_r1_a1,mean |C_margin|,0.8420473995146813,160.0,160.0,0.6035396870661092,1.1263641651477905
A1,qwen2.5-7b-instruct,random_ortho_2_r1_a1,mean |C_raw|,0.647296142578125,160.0,160.0,0.5352107620239257,0.7720564651489256
A1,qwen2.5-7b-instruct,random_ortho_2_r1_a1,mean |C_logp|,1.272562074661255,160.0,160.0,1.079308436214924,1.4813597163558003
A1,qwen2.5-7b-instruct,random_ortho_2_r1_a1,mean |C_margin|,0.7877713488293933,160.0,160.0,0.5632829875528038,1.0558691665530204
A1,qwen2.5-7b-instruct,random_ortho_3_r1_a1,mean |C_raw|,0.6564262390136719,160.0,160.0,0.5394103240966797,0.7831455993652344
A1,qwen2.5-7b-instruct,random_ortho_3_r1_a1,mean |C_logp|,1.3146089911460876,160.0,160.0,1.1192064771056176,1.5256901982426643
A1,qwen2.5-7b-instruct,random_ortho_3_r1_a1,mean |C_margin|,0.8325278093288471,160.0,160.0,0.5943674451635256,1.1244216090092405
A1,qwen2.5-7b-instruct,unedited_r0_a0,mean |C_raw|,0.6630706787109375,160.0,160.0,0.5481496715545655,0.7870144939422608
A1,qwen2.5-7b-instruct,unedited_r0_a0,mean |C_logp|,1.2659753680229187,160.0,160.0,1.0702574810385703,1.4796014809608458
A1,qwen2.5-7b-instruct,unedited_r0_a0,mean |C_margin|,0.8353861910956246,160.0,160.0,0.5969155208147191,1.1253700975086782
A1,gemma-2-2b-it,-,"reproduction: corr(C_raw, stored C)",0.9754658376168343,,,,
A1,gemma-2-2b-it,-,reproduction: median |C_raw - stored C|,0.125,,,,
A1,gemma-2-2b-it,unedited_r0_a0,reproduction: mean|C_raw| / mean|stored C|,1.0119811648255788,,,,
A1,gemma-2-2b-it,cure_centred_svd_r1_a1,reproduction: mean|C_raw| / mean|stored C|,0.9941048314750736,,,,
A1,gemma-2-2b-it,cure_centred_svd_r1_a1,"mean logit shift (patched - clean, mean over vocab)",0.02414599727198947,160.0,160.0,-0.0016524846979882567,0.04898958810823385
A1,gemma-2-2b-it,cure_centred_svd_r1_a1,log-partition shift LSE(patched) - LSE(clean),-0.04939455986022949,160.0,160.0,-0.08068242758512498,-0.019028707146644595
A1,gemma-2-2b-it,cure_centred_svd_r1_a1,mean |C_raw|,0.5681396484375,160.0,160.0,0.4894462585449219,0.6506176757812501
A1,gemma-2-2b-it,cure_centred_svd_r1_a1,mean |C_logp|,0.5981574535369873,160.0,160.0,0.5132248720526695,0.68771170347929
A1,gemma-2-2b-it,cure_centred_svd_r1_a1,mean |C_margin|,0.4192177821428348,160.0,160.0,0.33788101428594347,0.5091849386692046
A1,gemma-2-2b-it,leace_faithful_r1_a1,mean |C_raw|,0.6960025787353515,160.0,160.0,0.6004906272888184,0.8009381103515625
A1,gemma-2-2b-it,leace_faithful_r1_a1,mean |C_logp|,0.7533181428909301,160.0,160.0,0.648012261390686,0.8678435716032982
A1,gemma-2-2b-it,leace_faithful_r1_a1,mean |C_margin|,0.6560277724877382,160.0,160.0,0.4950884829729031,0.8537000264876927
A1,gemma-2-2b-it,leace_gender_large_r1_a1,mean |C_raw|,0.7114822387695312,160.0,160.0,0.616893539428711,0.8111849212646485
A1,gemma-2-2b-it,leace_gender_large_r1_a1,mean |C_logp|,0.7665685176849365,160.0,160.0,0.6631498318910599,0.877229367494583
A1,gemma-2-2b-it,leace_gender_large_r1_a1,mean |C_margin|,0.6590172908244989,160.0,160.0,0.4921219146404511,0.8719446753844236
A1,gemma-2-2b-it,leace_gender_small_r1_a1,mean |C_raw|,0.6876785278320312,160.0,160.0,0.5938935470581055,0.788901138305664
A1,gemma-2-2b-it,leace_gender_small_r1_a1,mean |C_logp|,0.752213180065155,160.0,160.0,0.6495545423030853,0.8643308693170548
A1,gemma-2-2b-it,leace_gender_small_r1_a1,mean |C_margin|,0.6496791044871012,160.0,160.0,0.4827862797639309,0.8622416673562463
A1,gemma-2-2b-it,leace_mw_f3_r1_a1,mean |C_raw|,0.6333850860595703,160.0,160.0,0.5452161693572999,0.7286389350891114
A1,gemma-2-2b-it,leace_mw_f3_r1_a1,mean |C_logp|,0.6982230424880982,160.0,160.0,0.6009981033205986,0.8038781350851059
A1,gemma-2-2b-it,leace_mw_f3_r1_a1,mean |C_margin|,0.6799259522022345,160.0,160.0,0.5108220061430564,0.8839847443959652
A1,gemma-2-2b-it,leace_sequential_r1_a1,mean |C_raw|,0.6769754409790039,160.0,160.0,0.579828805923462,0.7854588603973388
A1,gemma-2-2b-it,leace_sequential_r1_a1,mean |C_logp|,0.7332200407981873,160.0,160.0,0.6300210940837859,0.8492219379544258
A1,gemma-2-2b-it,leace_sequential_r1_a1,mean |C_margin|,0.6601532055781438,160.0,160.0,0.49505461805906054,0.8650617267076784
A1,gemma-2-2b-it,leace_swap_300_r1_a1,mean |C_raw|,0.67286376953125,160.0,160.0,0.5797021484375,0.7740600967407226
A1,gemma-2-2b-it,leace_swap_300_r1_a1,mean |C_logp|,0.7450566530227661,160.0,160.0,0.644657751917839,0.8544941797852517
A1,gemma-2-2b-it,leace_swap_300_r1_a1,mean |C_margin|,0.6643321942060422,160.0,160.0,0.49788001684042127,0.8701054754929664
A1,gemma-2-2b-it,leace_swap_max_noshrink_r1_a1,mean |C_raw|,0.7038467407226563,160.0,160.0,0.6064695358276367,0.8108038711547851
A1,gemma-2-2b-it,leace_swap_max_noshrink_r1_a1,mean |C_logp|,0.7658233284950257,160.0,160.0,0.6604038938879966,0.8811070588231086
A1,gemma-2-2b-it,leace_swap_max_noshrink_r1_a1,mean |C_margin|,0.6688824525246253,160.0,160.0,0.5013081943377471,0.8803142163233879
A1,gemma-2-2b-it,leace_swap_max_r1_a1,mean |C_raw|,0.694537353515625,160.0,160.0,0.6001814270019531,0.7995121765136719
A1,gemma-2-2b-it,leace_swap_max_r1_a1,mean |C_logp|,0.7550517201423645,160.0,160.0,0.6527147316932679,0.8681692296266555
A1,gemma-2-2b-it,leace_swap_max_r1_a1,mean |C_margin|,0.6558117316319392,160.0,160.0,0.48814753034175973,0.8658660152019598
A1,gemma-2-2b-it,leace_swap_small_r1_a1,mean |C_raw|,0.6649894714355469,160.0,160.0,0.5710398674011231,0.7707562828063964
A1,gemma-2-2b-it,leace_swap_small_r1_a1,mean |C_logp|,0.7271835446357727,160.0,160.0,0.6252635326981545,0.8397898375988007
A1,gemma-2-2b-it,leace_swap_small_r1_a1,mean |C_margin|,0.6374022013101822,160.0,160.0,0.46940074394910764,0.8470100089525565
A1,gemma-2-2b-it,random_ortho_1_r1_a1,mean |C_raw|,0.6819248199462891,160.0,160.0,0.5892000102996826,0.784457893371582
A1,gemma-2-2b-it,random_ortho_1_r1_a1,mean |C_logp|,0.7473843097686768,160.0,160.0,0.6468904760479927,0.8582952669262885
A1,gemma-2-2b-it,random_ortho_1_r1_a1,mean |C_margin|,0.6761593146201892,160.0,160.0,0.5048214137554169,0.8861182588797348
A1,gemma-2-2b-it,random_ortho_2_r1_a1,mean |C_raw|,0.683133316040039,160.0,160.0,0.5860763931274414,0.7894779205322265
A1,gemma-2-2b-it,random_ortho_2_r1_a1,mean |C_logp|,0.7476029753684997,160.0,160.0,0.6410890138149262,0.86418092161417
A1,gemma-2-2b-it,random_ortho_2_r1_a1,mean |C_margin|,0.6766184140474368,160.0,160.0,0.5048091974778054,0.8890535900226005
A1,gemma-2-2b-it,random_ortho_3_r1_a1,mean |C_raw|,0.6931015014648437,160.0,160.0,0.601791877746582,0.7946933746337891
A1,gemma-2-2b-it,random_ortho_3_r1_a1,mean |C_logp|,0.7402124285697937,160.0,160.0,0.6398269057273864,0.8503902152180671
A1,gemma-2-2b-it,random_ortho_3_r1_a1,mean |C_margin|,0.6671405388758733,160.0,160.0,0.5042357872693967,0.8670993473285281
A1,gemma-2-2b-it,unedited_r0_a0,mean |C_raw|,0.693902587890625,160.0,160.0,0.6002238464355469,0.798621826171875
A1,gemma-2-2b-it,unedited_r0_a0,mean |C_logp|,0.750779640674591,160.0,160.0,0.6483320605754852,0.8631309744715691
A1,gemma-2-2b-it,unedited_r0_a0,mean |C_margin|,0.6780897134389633,160.0,160.0,0.5104163642113025,0.8853619968279813
A1,phi-4-mini-instruct,-,"reproduction: corr(C_raw, stored C)",0.9157099889182133,,,,
A1,phi-4-mini-instruct,-,reproduction: median |C_raw - stored C|,0.125,,,,
A1,phi-4-mini-instruct,unedited_r0_a0,reproduction: mean|C_raw| / mean|stored C|,1.031578947368421,,,,
A1,phi-4-mini-instruct,cure_centred_svd_r1_a1,reproduction: mean|C_raw| / mean|stored C|,0.962962962962963,,,,
A1,phi-4-mini-instruct,cure_centred_svd_r1_a1,"mean logit shift (patched - clean, mean over vocab)",0.006573790962647763,160.0,160.0,-0.013345909803019822,0.02528266325885852
A1,phi-4-mini-instruct,cure_centred_svd_r1_a1,log-partition shift LSE(patched) - LSE(clean),0.026422905921936034,160.0,160.0,-0.02979569554328918,0.08281084120273588
A1,phi-4-mini-instruct,cure_centred_svd_r1_a1,mean |C_raw|,0.284375,160.0,160.0,0.2390625,0.333203125
A1,phi-4-mini-instruct,cure_centred_svd_r1_a1,mean |C_logp|,0.39378359317779543,160.0,160.0,0.33038406014442445,0.46362607657909394
A1,phi-4-mini-instruct,cure_centred_svd_r1_a1,mean |C_margin|,0.4088384083339146,160.0,160.0,0.3243170756798286,0.5035315142049418
A1,phi-4-mini-instruct,leace_faithful_r1_a1,mean |C_raw|,0.4140625,160.0,160.0,0.35390625,0.4765625
A1,phi-4-mini-instruct,leace_faithful_r1_a1,mean |C_logp|,0.670403265953064,160.0,160.0,0.5776551693677902,0.7690210372209548
A1,phi-4-mini-instruct,leace_faithful_r1_a1,mean |C_margin|,0.62694247357257,160.0,160.0,0.5009558095560446,0.7631840402429754
A1,phi-4-mini-instruct,leace_sequential_r1_a1,mean |C_raw|,0.418359375,160.0,160.0,0.35859375,0.482421875
A1,phi-4-mini-instruct,leace_sequential_r1_a1,mean |C_logp|,0.6487260818481445,160.0,160.0,0.5508856040239334,0.7522874701023102
A1,phi-4-mini-instruct,leace_sequential_r1_a1,mean |C_margin|,0.6434426121897512,160.0,160.0,0.5192453495867841,0.7767938137054443
A1,phi-4-mini-instruct,leace_swap_300_r1_a1,mean |C_raw|,0.40703125,160.0,160.0,0.349609375,0.467578125
A1,phi-4-mini-instruct,leace_swap_300_r1_a1,mean |C_logp|,0.6612886667251587,160.0,160.0,0.569829027056694,0.759222228527069
A1,phi-4-mini-instruct,leace_swap_300_r1_a1,mean |C_margin|,0.6088390102634182,160.0,160.0,0.4934268994764848,0.7354984419686453
A1,phi-4-mini-instruct,leace_swap_max_noshrink_r1_a1,mean |C_raw|,0.385546875,160.0,160.0,0.330078125,0.444921875
A1,phi-4-mini-instruct,leace_swap_max_noshrink_r1_a1,mean |C_logp|,0.6537052869796753,160.0,160.0,0.5638657581806182,0.7489590072631835
A1,phi-4-mini-instruct,leace_swap_max_noshrink_r1_a1,mean |C_margin|,0.6514393694989093,160.0,160.0,0.5255596597473343,0.7857236512295611
A1,phi-4-mini-instruct,leace_swap_max_r1_a1,mean |C_raw|,0.40859375,160.0,160.0,0.35,0.4703125
A1,phi-4-mini-instruct,leace_swap_max_r1_a1,mean |C_logp|,0.648520827293396,160.0,160.0,0.5535238975286484,0.7482624846696854
A1,phi-4-mini-instruct,leace_swap_max_r1_a1,mean |C_margin|,0.6547267220237039,160.0,160.0,0.534792458546626,0.7844308939847079
A1,phi-4-mini-instruct,leace_swap_small_r1_a1,mean |C_raw|,0.4,160.0,160.0,0.3453125,0.4578125
A1,phi-4-mini-instruct,leace_swap_small_r1_a1,mean |C_logp|,0.6346782922744751,160.0,160.0,0.5442315185070038,0.7320777082443237
A1,phi-4-mini-instruct,leace_swap_small_r1_a1,mean |C_margin|,0.6466528037925819,160.0,160.0,0.5226346040700938,0.7804397771884868
A1,phi-4-mini-instruct,random_ortho_1_r1_a1,mean |C_raw|,0.413671875,160.0,160.0,0.3546875,0.476171875
A1,phi-4-mini-instruct,random_ortho_1_r1_a1,mean |C_logp|,0.6671287059783936,160.0,160.0,0.571669310927391,0.7671947091817856
A1,phi-4-mini-instruct,random_ortho_1_r1_a1,mean |C_margin|,0.6515030675120168,160.0,160.0,0.5237196909916865,0.7881761690238853
A1,phi-4-mini-instruct,random_ortho_2_r1_a1,mean |C_raw|,0.41953125,160.0,160.0,0.3625,0.4800878906249999
A1,phi-4-mini-instruct,random_ortho_2_r1_a1,mean |C_logp|,0.6647518396377563,160.0,160.0,0.565659310221672,0.7709611940383911
A1,phi-4-mini-instruct,random_ortho_2_r1_a1,mean |C_margin|,0.6306437455214463,160.0,160.0,0.5072804751334252,0.764349289373918
A1,phi-4-mini-instruct,random_ortho_3_r1_a1,mean |C_raw|,0.428515625,160.0,160.0,0.369140625,0.49140625
A1,phi-4-mini-instruct,random_ortho_3_r1_a1,mean |C_logp|,0.6812037944793701,160.0,160.0,0.580575088262558,0.7876395761966706
A1,phi-4-mini-instruct,random_ortho_3_r1_a1,mean |C_margin|,0.6289565222603934,160.0,160.0,0.5016126288996114,0.765013685474148
A1,phi-4-mini-instruct,unedited_r0_a0,mean |C_raw|,0.42109375,160.0,160.0,0.362109375,0.48359375
A1,phi-4-mini-instruct,unedited_r0_a0,mean |C_logp|,0.6685654401779175,160.0,160.0,0.5713980412483215,0.7714755755662918
A1,phi-4-mini-instruct,unedited_r0_a0,mean |C_margin|,0.6224174994926948,160.0,160.0,0.5019024415449663,0.7532161495902321
A2,gemma-2-2b-it,B/last-pad,mean |C_answer| on unequal-length pairs,2.5834598330346044,54.0,42.0,1.9329830293424726,3.354944386429443
A2,gemma-2-2b-it,S1/last-pad,mean |C_answer| on unequal-length pairs,1.4476335036426193,54.0,42.0,1.088659222310929,1.853609761963468
A2,gemma-2-2b-it,B/mean-pad,mean |C_answer| on unequal-length pairs,2.748467235507463,54.0,42.0,2.031481412398812,3.591528915430206
A2,gemma-2-2b-it,S1/mean-pad,mean |C_answer| on unequal-length pairs,1.6527269613255866,54.0,42.0,1.1835550240241444,2.2125726169608964
A2,gemma-2-2b-it,B/truncate,mean |C_answer| on unequal-length pairs,1.8031824075781013,54.0,42.0,1.3869135107334425,2.253237087989498
A2,gemma-2-2b-it,S1/truncate,mean |C_answer| on unequal-length pairs,1.540929630305301,54.0,42.0,1.1656228063002285,1.9494431244428119
A2,llama-3.1-8b-instruct,B/last-pad,mean |C_answer| on unequal-length pairs,1.1702321815940595,65.0,50.0,0.8545126988252761,1.5395452470523834
A2,llama-3.1-8b-instruct,S1/last-pad,mean |C_answer| on unequal-length pairs,0.6681781741974367,65.0,50.0,0.5193955742738937,0.8328554146556613
A2,llama-3.1-8b-instruct,B/mean-pad,mean |C_answer| on unequal-length pairs,1.0553226950926566,65.0,50.0,0.7596267614018066,1.4109435840013937
A2,llama-3.1-8b-instruct,S1/mean-pad,mean |C_answer| on unequal-length pairs,0.6569807473276654,65.0,50.0,0.5302724174254658,0.7973890003667561
A2,llama-3.1-8b-instruct,B/truncate,mean |C_answer| on unequal-length pairs,0.9225947721147031,65.0,50.0,0.7025895850718223,1.199063533743281
A2,llama-3.1-8b-instruct,S1/truncate,mean |C_answer| on unequal-length pairs,0.7407562542954048,65.0,50.0,0.5791712108044843,0.9170326737723222
A3_fm_eval,llama-3.1-8b-instruct,B,T,0.16967632720921888,72.0,12.0,0.13240644940509594,0.20676959105524
A3_fm_eval,llama-3.1-8b-instruct,B,acc,0.8958333333333335,72.0,12.0,0.8194444444444445,0.9583333333333335
A3_fm_eval,llama-3.1-8b-instruct,B,both,0.8888888888888888,72.0,12.0,0.8194444444444443,0.9583333333333334
A3_fm_eval,llama-3.1-8b-instruct,B,validity,1.0,72.0,12.0,1.0,1.0
A3_fm_eval,llama-3.1-8b-instruct,B,energy,0.0,72.0,12.0,0.0,0.0
A3_fm_eval,llama-3.1-8b-instruct,LC_f3,T,0.16410029053379618,72.0,12.0,0.13147950808415418,0.19820598474973403
A3_fm_eval,llama-3.1-8b-instruct,LC_f3,acc,0.9027777777777778,72.0,12.0,0.8194444444444446,0.9722222222222223
A3_fm_eval,llama-3.1-8b-instruct,LC_f3,both,0.9027777777777778,72.0,12.0,0.8194444444444446,0.9722222222222223
A3_fm_eval,llama-3.1-8b-instruct,LC_f3,validity,1.0,72.0,12.0,1.0,1.0
A3_fm_eval,llama-3.1-8b-instruct,LC_f3,energy,2004.5990700356613,72.0,12.0,1807.8046460947032,2203.824606503734
A3_fm_eval,llama-3.1-8b-instruct,LC_gender_large,T,0.12942494703990962,72.0,12.0,0.09709324843554568,0.1649472607313766
A3_fm_eval,llama-3.1-8b-instruct,LC_gender_large,acc,0.9097222222222222,72.0,12.0,0.8333333333333334,0.9722222222222223
A3_fm_eval,llama-3.1-8b-instruct,LC_gender_large,both,0.9027777777777778,72.0,12.0,0.8194444444444446,0.9722222222222223
A3_fm_eval,llama-3.1-8b-instruct,LC_gender_large,validity,1.0,72.0,12.0,1.0,1.0
A3_fm_eval,llama-3.1-8b-instruct,LC_gender_large,energy,25.113055959463352,72.0,12.0,20.481898797377653,30.221267193922696
A3_fm_eval,llama-3.1-8b-instruct,LC_gender_small,T,0.13624416048259017,72.0,12.0,0.1004892108867262,0.17377459975506762
A3_fm_eval,llama-3.1-8b-instruct,LC_gender_small,acc,0.9027777777777778,72.0,12.0,0.8194444444444446,0.9722222222222223
A3_fm_eval,llama-3.1-8b-instruct,LC_gender_small,both,0.9027777777777778,72.0,12.0,0.8194444444444446,0.9722222222222223
A3_fm_eval,llama-3.1-8b-instruct,LC_gender_small,validity,1.0,72.0,12.0,1.0,1.0
A3_fm_eval,llama-3.1-8b-instruct,LC_gender_small,energy,92.88512164421759,72.0,12.0,82.71805592414744,104.28939391085416
A3_fm_eval,llama-3.1-8b-instruct,MC,T,0.09398223974109321,72.0,12.0,0.0648015716362919,0.12606879486746111
A3_fm_eval,llama-3.1-8b-instruct,MC,acc,0.9027777777777778,72.0,12.0,0.8194444444444446,0.9722222222222223
A3_fm_eval,llama-3.1-8b-instruct,MC,both,0.9027777777777778,72.0,12.0,0.8194444444444446,0.9722222222222223
A3_fm_eval,llama-3.1-8b-instruct,MC,validity,1.0,72.0,12.0,1.0,1.0
A3_fm_eval,llama-3.1-8b-instruct,MC,energy,134.43304751247015,72.0,12.0,128.280010832849,140.98232713811566
A3_fm_eval,llama-3.1-8b-instruct,MC_gender,T,0.10275492819471194,72.0,12.0,0.07769962673730288,0.12945295146878935
A3_fm_eval,llama-3.1-8b-instruct,MC_gender,acc,0.9027777777777778,72.0,12.0,0.8194444444444446,0.9722222222222223
A3_fm_eval,llama-3.1-8b-instruct,MC_gender,both,0.9027777777777778,72.0,12.0,0.8194444444444446,0.9722222222222223
A3_fm_eval,llama-3.1-8b-instruct,MC_gender,validity,1.0,72.0,12.0,1.0,1.0
A3_fm_eval,llama-3.1-8b-instruct,MC_gender,energy,73.57814965044075,72.0,12.0,67.57649138410294,79.9307772291623
A3_fm_eval,llama-3.1-8b-instruct,S1,T,0.06787440870268235,72.0,12.0,0.04726487647445702,0.09314026483341638
A3_fm_eval,llama-3.1-8b-instruct,S1,acc,0.9027777777777778,72.0,12.0,0.8194444444444446,0.9722222222222223
A3_fm_eval,llama-3.1-8b-instruct,S1,both,0.9027777777777778,72.0,12.0,0.8194444444444446,0.9722222222222223
A3_fm_eval,llama-3.1-8b-instruct,S1,validity,1.0,72.0,12.0,1.0,1.0
A3_fm_eval,llama-3.1-8b-instruct,S1,energy,2178.899486158345,72.0,12.0,2044.5245811366103,2318.5159697881586
A3_fm_eval,gemma-2-2b-it,B,T,0.20676820327396053,72.0,12.0,0.13490312937752857,0.2920360501406758
A3_fm_eval,gemma-2-2b-it,B,acc,0.3888888888888889,72.0,12.0,0.19444444444444445,0.5833333333333334
A3_fm_eval,gemma-2-2b-it,B,both,0.375,72.0,12.0,0.18055555555555555,0.5833333333333333
A3_fm_eval,gemma-2-2b-it,B,validity,1.0,72.0,12.0,1.0,1.0
A3_fm_eval,gemma-2-2b-it,B,energy,0.0,72.0,12.0,0.0,0.0
A3_fm_eval,gemma-2-2b-it,LC_f3,T,0.18594180504274616,72.0,12.0,0.12012110000983238,0.26919029931676747
A3_fm_eval,gemma-2-2b-it,LC_f3,acc,0.40972222222222215,72.0,12.0,0.21527777777777776,0.611111111111111
A3_fm_eval,gemma-2-2b-it,LC_f3,both,0.3888888888888889,72.0,12.0,0.19444444444444445,0.5833333333333334
A3_fm_eval,gemma-2-2b-it,LC_f3,validity,1.0,72.0,12.0,1.0,1.0
A3_fm_eval,gemma-2-2b-it,LC_f3,energy,301055.1972362281,72.0,12.0,268390.7875594787,338675.73825547815
A3_fm_eval,gemma-2-2b-it,LC_gender_large,T,0.11509679285511971,72.0,12.0,0.07752358680383625,0.15710477433051645
A3_fm_eval,gemma-2-2b-it,LC_gender_large,acc,0.4236111111111111,72.0,12.0,0.2222222222222222,0.625
A3_fm_eval,gemma-2-2b-it,LC_gender_large,both,0.40277777777777785,72.0,12.0,0.20833333333333334,0.5972222222222222
A3_fm_eval,gemma-2-2b-it,LC_gender_large,validity,1.0,72.0,12.0,1.0,1.0
A3_fm_eval,gemma-2-2b-it,LC_gender_large,energy,6738.4335696991875,72.0,12.0,6297.623433904995,7262.671721662705
A3_fm_eval,gemma-2-2b-it,LC_gender_small,T,0.1267682967877847,72.0,12.0,0.08567725398215008,0.1737375732587735
A3_fm_eval,gemma-2-2b-it,LC_gender_small,acc,0.4236111111111111,72.0,12.0,0.2222222222222222,0.625
A3_fm_eval,gemma-2-2b-it,LC_gender_small,both,0.40277777777777785,72.0,12.0,0.20833333333333334,0.5972222222222222
A3_fm_eval,gemma-2-2b-it,LC_gender_small,validity,1.0,72.0,12.0,1.0,1.0
A3_fm_eval,gemma-2-2b-it,LC_gender_small,energy,31091.374607155205,72.0,12.0,27302.29471911359,35028.37780112328
A3_fm_eval,gemma-2-2b-it,MC,T,0.03809103133225398,72.0,12.0,0.025769677091444388,0.05026692028042002
A3_fm_eval,gemma-2-2b-it,MC,acc,0.4583333333333333,72.0,12.0,0.2638888888888889,0.6527777777777778
A3_fm_eval,gemma-2-2b-it,MC,both,0.4444444444444444,72.0,12.0,0.25,0.638888888888889
A3_fm_eval,gemma-2-2b-it,MC,validity,1.0,72.0,12.0,1.0,1.0
A3_fm_eval,gemma-2-2b-it,MC,energy,156637.06876272612,72.0,12.0,139438.65138396525,178737.52432471
A3_fm_eval,gemma-2-2b-it,MC_gender,T,0.12596656957077487,72.0,12.0,0.09214487312684173,0.1615093035390971
A3_fm_eval,gemma-2-2b-it,MC_gender,acc,0.40972222222222227,72.0,12.0,0.2152777777777778,0.6041666666666667
A3_fm_eval,gemma-2-2b-it,MC_gender,both,0.3888888888888889,72.0,12.0,0.19444444444444445,0.5833333333333334
A3_fm_eval,gemma-2-2b-it,MC_gender,validity,1.0,72.0,12.0,1.0,1.0
A3_fm_eval,gemma-2-2b-it,MC_gender,energy,44071.80145576572,72.0,12.0,41863.10476013142,46100.297123753284
A3_fm_eval,gemma-2-2b-it,S1,T,0.05682399249081376,72.0,12.0,0.03011215197241525,0.08727514841099945
A3_fm_eval,gemma-2-2b-it,S1,acc,0.4305555555555555,72.0,12.0,0.23611111111111108,0.625
A3_fm_eval,gemma-2-2b-it,S1,both,0.40277777777777773,72.0,12.0,0.20833333333333334,0.5972222222222222
A3_fm_eval,gemma-2-2b-it,S1,validity,1.0,72.0,12.0,1.0,1.0
A3_fm_eval,gemma-2-2b-it,S1,energy,288564.3696081462,72.0,12.0,271062.18836975953,305882.4709032525
B_final,gemma-2-2b-it,B,T,0.12788747763876826,160.0,80.0,0.10171836350928531,0.15603408548435607
B_final,gemma-2-2b-it,B,acc,0.41875,160.0,80.0,0.340625,0.5
B_final,gemma-2-2b-it,B,both,0.38125,160.0,80.0,0.30625,0.4625
B_final,gemma-2-2b-it,B,validity,1.0,160.0,80.0,1.0,1.0
B_final,gemma-2-2b-it,B,energy,0.0,160.0,80.0,0.0,0.0
B_final,gemma-2-2b-it,CV_all,T,0.13331083359134993,160.0,80.0,0.09453741269120328,0.17520358491745178
B_final,gemma-2-2b-it,CV_all,acc,0.2875,160.0,80.0,0.2125,0.3625
B_final,gemma-2-2b-it,CV_all,both,0.2875,160.0,80.0,0.2125,0.3625
B_final,gemma-2-2b-it,CV_all,validity,1.0,160.0,80.0,1.0,1.0
B_final,gemma-2-2b-it,CV_all,energy,72861628.65682204,160.0,80.0,72098156.46714392,73670119.72365333
B_final,gemma-2-2b-it,CV_last,T,0.12424404202782813,160.0,80.0,0.0985475904416739,0.151807035264491
B_final,gemma-2-2b-it,CV_last,acc,0.315625,160.0,80.0,0.246875,0.390625
B_final,gemma-2-2b-it,CV_last,both,0.275,160.0,80.0,0.20625,0.35
B_final,gemma-2-2b-it,CV_last,validity,0.690625,160.0,80.0,0.625,0.753125
B_final,gemma-2-2b-it,CV_last,energy,9767.96870376146,160.0,80.0,9767.96870376146,9767.96870376146
B_final,gemma-2-2b-it,CV_span,T,0.08202440425368512,160.0,80.0,0.05871401247016532,0.1076332933619522
B_final,gemma-2-2b-it,CV_span,acc,0.428125,160.0,80.0,0.353125,0.50625
B_final,gemma-2-2b-it,CV_span,both,0.39375,160.0,80.0,0.31875,0.475
B_final,gemma-2-2b-it,CV_span,validity,0.996875,160.0,80.0,0.990625,1.0
B_final,gemma-2-2b-it,CV_span,energy,33150.043712566236,160.0,80.0,29670.204879278575,36935.13157880037
B_final,gemma-2-2b-it,DV_all,T,0.2400605714433862,160.0,80.0,0.18431394910666257,0.2977722010933882
B_final,gemma-2-2b-it,DV_all,acc,0.0,160.0,80.0,0.0,0.0
B_final,gemma-2-2b-it,DV_all,both,0.0,160.0,80.0,0.0,0.0
B_final,gemma-2-2b-it,DV_all,validity,0.0,160.0,80.0,0.0,0.0
B_final,gemma-2-2b-it,DV_all,energy,72865022.32701674,160.0,80.0,72101514.57715607,73673551.05087115
B_final,gemma-2-2b-it,DV_last,T,0.12108848195994071,160.0,80.0,0.09526684319107108,0.14896098510748657
B_final,gemma-2-2b-it,DV_last,acc,0.65625,160.0,80.0,0.578125,0.73125
B_final,gemma-2-2b-it,DV_last,both,0.61875,160.0,80.0,0.5375,0.7
B_final,gemma-2-2b-it,DV_last,validity,0.91875,160.0,80.0,0.878125,0.953125
B_final,gemma-2-2b-it,DV_last,energy,9768.210189507588,160.0,80.0,9768.210189507588,9768.210189507588
B_final,gemma-2-2b-it,DV_span,T,0.1269934581860348,160.0,80.0,0.10010092395413829,0.156003562942593
B_final,gemma-2-2b-it,DV_span,acc,0.4375,160.0,80.0,0.3625,0.515625
B_final,gemma-2-2b-it,DV_span,both,0.4,160.0,80.0,0.325,0.48125
B_final,gemma-2-2b-it,DV_span,validity,0.990625,160.0,80.0,0.978125,1.0
B_final,gemma-2-2b-it,DV_span,energy,33150.86325680471,160.0,80.0,29670.938368127558,36936.0447421174
B_final,gemma-2-2b-it,S1,T,0.10650338518263916,160.0,80.0,0.07558920060944947,0.14046960240261527
B_final,gemma-2-2b-it,S1,acc,0.35625,160.0,80.0,0.284375,0.434375
B_final,gemma-2-2b-it,S1,both,0.30625,160.0,80.0,0.2375,0.38125
B_final,gemma-2-2b-it,S1,validity,0.953125,160.0,80.0,0.925,0.975
B_final,gemma-2-2b-it,S1,energy,701039.1043514576,160.0,80.0,603391.2405137996,807404.9725586977
B_final,gemma-2-2b-it,SE,T,0.13588413929003487,160.0,80.0,0.10223947871261603,0.17326435071561158
B_final,gemma-2-2b-it,SE,acc,0.409375,160.0,80.0,0.33125,0.490625
B_final,gemma-2-2b-it,SE,both,0.38125,160.0,80.0,0.30625,0.4625
B_final,gemma-2-2b-it,SE,validity,0.996875,160.0,80.0,0.990625,1.0
B_final,gemma-2-2b-it,SE,energy,34241.4861027061,160.0,80.0,31633.11373776225,36905.817515531904
B_control,gemma-2-2b-it,B,T,0.1326752180227351,36.0,10.0,0.06766175153826857,0.2098100822604777
B_control,gemma-2-2b-it,B,acc,0.8,36.0,10.0,0.5875,0.95
B_control,gemma-2-2b-it,B,both,0.725,36.0,10.0,0.5,0.9
B_control,gemma-2-2b-it,B,validity,1.0,36.0,10.0,1.0,1.0
B_control,gemma-2-2b-it,B,energy,0.0,36.0,10.0,0.0,0.0
B_control,gemma-2-2b-it,CV_span,T,0.1701842151421327,36.0,10.0,0.09983800388342574,0.2462610504766152
B_control,gemma-2-2b-it,CV_span,acc,0.3625,36.0,10.0,0.225,0.4875
B_control,gemma-2-2b-it,CV_span,both,0.275,36.0,10.0,0.15,0.4
B_control,gemma-2-2b-it,CV_span,validity,0.95,36.0,10.0,0.875,1.0
B_control,gemma-2-2b-it,CV_span,energy,51037.63635776679,36.0,10.0,39682.37277001356,63983.24738824464
B_control,gemma-2-2b-it,DV_span,T,0.1404244943118654,36.0,10.0,0.06231797616067196,0.23051723764933224
B_control,gemma-2-2b-it,DV_span,acc,0.55,36.0,10.0,0.3625,0.7125
B_control,gemma-2-2b-it,DV_span,both,0.475,36.0,10.0,0.275,0.65
B_control,gemma-2-2b-it,DV_span,validity,0.95,36.0,10.0,0.875,1.0
B_control,gemma-2-2b-it,DV_span,energy,51038.89818701534,36.0,10.0,39683.35374151851,63984.82944467323
B_control,gemma-2-2b-it,S1,T,0.09356647600224924,36.0,10.0,0.023182956908011206,0.19670225135705738
B_control,gemma-2-2b-it,S1,acc,0.1625,36.0,10.0,0.05,0.3125
B_control,gemma-2-2b-it,S1,both,0.15,36.0,10.0,0.025,0.3
B_control,gemma-2-2b-it,S1,validity,0.9125,36.0,10.0,0.825,1.0
B_control,gemma-2-2b-it,S1,energy,789479.5120534986,36.0,10.0,590781.2454217842,1023588.3835031082
B_final,llama-3.1-8b-instruct,B,T,0.14127486317752852,160.0,80.0,0.12191923427647147,0.16216656202719254
B_final,llama-3.1-8b-instruct,B,acc,0.684375,160.0,80.0,0.609375,0.75625
B_final,llama-3.1-8b-instruct,B,both,0.65,160.0,80.0,0.56875,0.725
B_final,llama-3.1-8b-instruct,B,validity,1.0,160.0,80.0,1.0,1.0
B_final,llama-3.1-8b-instruct,B,energy,0.0,160.0,80.0,0.0,0.0
B_final,llama-3.1-8b-instruct,CV_all,T,0.19298029068247047,160.0,80.0,0.14194806406690239,0.24644680813472722
B_final,llama-3.1-8b-instruct,CV_all,acc,0.0,160.0,80.0,0.0,0.0
B_final,llama-3.1-8b-instruct,CV_all,both,0.0,160.0,80.0,0.0,0.0
B_final,llama-3.1-8b-instruct,CV_all,validity,0.0,160.0,80.0,0.0,0.0
B_final,llama-3.1-8b-instruct,CV_all,energy,108452.02594128477,160.0,80.0,107462.04111787761,109509.6326788591
B_final,llama-3.1-8b-instruct,CV_last,T,0.14178081080152344,160.0,80.0,0.1228739611897834,0.16200243623801128
B_final,llama-3.1-8b-instruct,CV_last,acc,0.89375,160.0,80.0,0.84375,0.9375
B_final,llama-3.1-8b-instruct,CV_last,both,0.85625,160.0,80.0,0.79375,0.9125
B_final,llama-3.1-8b-instruct,CV_last,validity,0.90625,160.0,80.0,0.859375,0.946875
B_final,llama-3.1-8b-instruct,CV_last,energy,20.051315611590734,160.0,80.0,20.051315611590734,20.051315611590734
B_final,llama-3.1-8b-instruct,CV_span,T,0.06717525236347263,160.0,80.0,0.05063633631132725,0.08631069489142565
B_final,llama-3.1-8b-instruct,CV_span,acc,0.721875,160.0,80.0,0.65,0.790625
B_final,llama-3.1-8b-instruct,CV_span,both,0.7,160.0,80.0,0.625,0.76875
B_final,llama-3.1-8b-instruct,CV_span,validity,0.984375,160.0,80.0,0.9625,1.0
B_final,llama-3.1-8b-instruct,CV_span,energy,67.86117179095564,160.0,80.0,61.34449419404573,74.8164719182962
B_final,llama-3.1-8b-instruct,DV_all,T,0.22231032572673337,160.0,80.0,0.17125073350946765,0.27542864910471093
B_final,llama-3.1-8b-instruct,DV_all,acc,0.0,160.0,80.0,0.0,0.0
B_final,llama-3.1-8b-instruct,DV_all,both,0.0,160.0,80.0,0.0,0.0
B_final,llama-3.1-8b-instruct,DV_all,validity,0.0,160.0,80.0,0.0,0.0
B_final,llama-3.1-8b-instruct,DV_all,energy,108450.30933238775,160.0,80.0,107460.34017873633,109507.89932986784
B_final,llama-3.1-8b-instruct,DV_last,T,0.13923938528632795,160.0,80.0,0.12024254482184313,0.15992456043671952
B_final,llama-3.1-8b-instruct,DV_last,acc,0.521875,160.0,80.0,0.440625,0.603125
B_final,llama-3.1-8b-instruct,DV_last,both,0.4875,160.0,80.0,0.40625,0.56875
B_final,llama-3.1-8b-instruct,DV_last,validity,0.8875,160.0,80.0,0.834375,0.934375
B_final,llama-3.1-8b-instruct,DV_last,energy,20.054357407354928,160.0,80.0,20.054357407354928,20.054357407354928
B_final,llama-3.1-8b-instruct,DV_span,T,0.0819374140325608,160.0,80.0,0.06457043607480042,0.1018228859236894
B_final,llama-3.1-8b-instruct,DV_span,acc,0.7,160.0,80.0,0.628125,0.76875
B_final,llama-3.1-8b-instruct,DV_span,both,0.66875,160.0,80.0,0.59375,0.74375
B_final,llama-3.1-8b-instruct,DV_span,validity,0.990625,160.0,80.0,0.978125,1.0
B_final,llama-3.1-8b-instruct,DV_span,energy,67.87146685236091,160.0,80.0,61.3538005743074,74.82782218430927
B_final,llama-3.1-8b-instruct,S1,T,0.08601694459638401,160.0,80.0,0.06722806995103653,0.10832588769166068
B_final,llama-3.1-8b-instruct,S1,acc,0.64375,160.0,80.0,0.5625,0.721875
B_final,llama-3.1-8b-instruct,S1,both,0.6125,160.0,80.0,0.53125,0.69375
B_final,llama-3.1-8b-instruct,S1,validity,0.996875,160.0,80.0,0.990625,1.0
B_final,llama-3.1-8b-instruct,S1,energy,2205.177045055533,160.0,80.0,1918.5711608827169,2506.058916625904
B_final,llama-3.1-8b-instruct,SE,T,0.11009980681533202,160.0,80.0,0.09365539316314624,0.12774852358298996
B_final,llama-3.1-8b-instruct,SE,acc,0.665625,160.0,80.0,0.590625,0.7375781249999989
B_final,llama-3.1-8b-instruct,SE,both,0.63125,160.0,80.0,0.55,0.7125
B_final,llama-3.1-8b-instruct,SE,validity,1.0,160.0,80.0,1.0,1.0
B_final,llama-3.1-8b-instruct,SE,energy,62.1015999922118,160.0,80.0,58.25883052693021,66.21476039669325
B_control,llama-3.1-8b-instruct,B,T,0.08559194093682054,36.0,10.0,0.055861067821271954,0.11660190987754226
B_control,llama-3.1-8b-instruct,B,acc,0.8375,36.0,10.0,0.7,0.95
B_control,llama-3.1-8b-instruct,B,both,0.8,36.0,10.0,0.65,0.95
B_control,llama-3.1-8b-instruct,B,validity,1.0,36.0,10.0,1.0,1.0
B_control,llama-3.1-8b-instruct,B,energy,0.0,36.0,10.0,0.0,0.0
B_control,llama-3.1-8b-instruct,CV_span,T,0.3297606700174447,36.0,10.0,0.21406451354631137,0.46163067151167647
B_control,llama-3.1-8b-instruct,CV_span,acc,0.1625,36.0,10.0,0.075,0.25
B_control,llama-3.1-8b-instruct,CV_span,both,0.0,36.0,10.0,0.0,0.0
B_control,llama-3.1-8b-instruct,CV_span,validity,0.8125,36.0,10.0,0.7496875000000003,0.8875
B_control,llama-3.1-8b-instruct,CV_span,energy,105.01876626415205,36.0,10.0,81.95975323855261,130.3335522960603
B_control,llama-3.1-8b-instruct,DV_span,T,0.1893399007725544,36.0,10.0,0.11846569525117914,0.27683807981175457
B_control,llama-3.1-8b-instruct,DV_span,acc,0.4125,36.0,10.0,0.225,0.5875
B_control,llama-3.1-8b-instruct,DV_span,both,0.275,36.0,10.0,0.125,0.4
B_control,llama-3.1-8b-instruct,DV_span,validity,0.8625,36.0,10.0,0.725,0.9625
B_control,llama-3.1-8b-instruct,DV_span,energy,105.03469842921156,36.0,10.0,81.97218708137059,130.35332493381136
B_control,llama-3.1-8b-instruct,S1,T,0.20079013624667263,36.0,10.0,0.12181732038995421,0.28587446626559004
B_control,llama-3.1-8b-instruct,S1,acc,0.4,36.0,10.0,0.225,0.575
B_control,llama-3.1-8b-instruct,S1,both,0.3,36.0,10.0,0.125,0.5
B_control,llama-3.1-8b-instruct,S1,validity,0.875,36.0,10.0,0.775,0.975
B_control,llama-3.1-8b-instruct,S1,energy,4105.263843810159,36.0,10.0,2829.9793027036126,5609.419826249708
