model_name,phase,cond_id,condition,rank,alpha,pair_type,stratum,label,n_seeds,n_items,n_audit,absC_pre_mean,absC_post_mean,W,L,U,D,D_lo,D_hi,R,R_lo,R_hi,X_den,X_num,X_reverse_num,X_reverse_den,X,X_lo,X_hi,energy_audit_mean,energy_gen_mean,opt_acc,opt_acc_pre,d_opt_acc,d_opt_acc_lo,d_opt_acc_hi,gen_acc_attempted,gen_acc_attempted_pre,d_gen_acc_attempted,d_gen_acc_attempted_lo,d_gen_acc_attempted_hi,validity,validity_pre,d_validity,d_validity_lo,d_validity_hi,gen_acc_usable,gen_acc_usable_n,gen_acc_usable_pre,flip_attempted_num,flip_attempted_den,flip_attempted,flip_usable_den,flip_usable
phi-4-mini-instruct,dev,cure_centred_svd_r1_a0.25,cure_centred_svd,1,0.25,demographic,pooled,exploratory,2,2,2,0.6875,0.625,0.5,0.0,0.5,0.0625,0.0,0.125,0.09090909090909094,0.0,0.125,1,0,0,1,0.0,0.0,0.0,0.0006440438492779971,0.0007001282990459227,1.0,1.0,0.0,0.0,0.0,0.0,0.0,0.0,0.0,0.0,0.0,0.0,0.0,0.0,0.0,,0,,0,2,0.0,0,0.0
phi-4-mini-instruct,dev,cure_centred_svd_r1_a0.25,cure_centred_svd,1,0.25,demographic,bbq,exploratory,1,1,1,0.375,0.375,0.0,0.0,1.0,0.0,,,0.0,,,0,0,0,1,,,,0.0006029779104989345,0.0006319149235770548,1.0,1.0,0.0,,,0.0,0.0,0.0,,,0.0,0.0,0.0,,,,0,,0,1,0.0,0,0.0
phi-4-mini-instruct,dev,cure_centred_svd_r1_a0.25,cure_centred_svd,1,0.25,demographic,crows_pairs,exploratory,1,1,1,1.0,0.875,1.0,0.0,0.0,0.125,,,0.125,,,1,0,0,0,0.0,,,0.0006851097880570595,0.0007683416745147908,1.0,1.0,0.0,,,0.0,0.0,0.0,,,0.0,0.0,0.0,,,,0,,0,1,0.0,0,0.0
phi-4-mini-instruct,dev,cure_centred_svd_r1_a0.25,cure_centred_svd,1,0.25,identity,pooled,exploratory,2,2,2,0.0,0.0,0.0,0.0,1.0,0.0,0.0,0.0,,,,0,0,0,2,,,,0.000743343108601854,0.0007441514805881163,1.0,1.0,0.0,0.0,0.0,0.0,0.0,0.0,0.0,0.0,0.0,0.0,0.0,0.0,0.0,,0,,0,2,0.0,0,0.0
phi-4-mini-instruct,dev,cure_centred_svd_r1_a0.25,cure_centred_svd,1,0.25,identity,bbq,exploratory,1,1,1,0.0,0.0,0.0,0.0,1.0,0.0,,,,,,0,0,0,1,,,,0.000652165716763332,0.0006504569619132578,1.0,1.0,0.0,,,0.0,0.0,0.0,,,0.0,0.0,0.0,,,,0,,0,1,0.0,0,0.0
phi-4-mini-instruct,dev,cure_centred_svd_r1_a0.25,cure_centred_svd,1,0.25,identity,crows_pairs,exploratory,1,1,1,0.0,0.0,0.0,0.0,1.0,0.0,,,,,,0,0,0,1,,,,0.000834520500440376,0.0008378459992629747,1.0,1.0,0.0,,,0.0,0.0,0.0,,,0.0,0.0,0.0,,,,0,,0,1,0.0,0,0.0
phi-4-mini-instruct,dev,cure_centred_svd_r1_a0.25,cure_centred_svd,1,0.25,neutral,pooled,exploratory,1,1,1,0.0,0.125,0.0,1.0,0.0,-0.125,,,,,,0,0,0,1,,,,0.0008391076522462599,0.0007145400278706767,1.0,1.0,0.0,,,0.0,0.0,0.0,,,0.0,0.0,0.0,,,,0,,0,1,0.0,0,0.0
phi-4-mini-instruct,dev,cure_centred_svd_r1_a0.25,cure_centred_svd,1,0.25,neutral,bbq,exploratory,1,1,1,0.0,0.125,0.0,1.0,0.0,-0.125,,,,,,0,0,0,1,,,,0.0008391076522462599,0.0007145400278706767,1.0,1.0,0.0,,,0.0,0.0,0.0,,,0.0,0.0,0.0,,,,0,,0,1,0.0,0,0.0
phi-4-mini-instruct,dev,cure_centred_svd_r1_a0.5,cure_centred_svd,1,0.5,demographic,pooled,exploratory,2,2,2,0.6875,0.5,1.0,0.0,0.0,0.1875,0.125,0.25,0.2727272727272727,0.25,0.33333333333333337,1,1,0,1,1.0,1.0,1.0,0.0019756064262602476,0.0021350838773030074,1.0,1.0,0.0,0.0,0.0,0.0,0.0,0.0,0.0,0.0,0.0,0.0,0.0,0.0,0.0,,0,,0,2,0.0,0,0.0
phi-4-mini-instruct,dev,cure_centred_svd_r1_a0.5,cure_centred_svd,1,0.5,demographic,bbq,exploratory,1,1,1,0.375,0.25,1.0,0.0,0.0,0.125,,,0.33333333333333337,,,0,0,0,1,,,,0.0018138567434475839,0.0019797065252147097,1.0,1.0,0.0,,,0.0,0.0,0.0,,,0.0,0.0,0.0,,,,0,,0,1,0.0,0,0.0
phi-4-mini-instruct,dev,cure_centred_svd_r1_a0.5,cure_centred_svd,1,0.5,demographic,crows_pairs,exploratory,1,1,1,1.0,0.75,1.0,0.0,0.0,0.25,,,0.25,,,1,1,0,0,1.0,,,0.0021373561090729113,0.002290461229391305,1.0,1.0,0.0,,,0.0,0.0,0.0,,,0.0,0.0,0.0,,,,0,,0,1,0.0,0,0.0
phi-4-mini-instruct,dev,cure_centred_svd_r1_a0.5,cure_centred_svd,1,0.5,identity,pooled,exploratory,2,2,2,0.0,0.0,0.0,0.0,1.0,0.0,0.0,0.0,,,,0,0,0,2,,,,0.0022735238741255167,0.0022681098663098163,1.0,1.0,0.0,0.0,0.0,0.0,0.0,0.0,0.0,0.0,0.0,0.0,0.0,0.0,0.0,,0,,0,2,0.0,0,0.0
phi-4-mini-instruct,dev,cure_centred_svd_r1_a0.5,cure_centred_svd,1,0.5,identity,bbq,exploratory,1,1,1,0.0,0.0,0.0,0.0,1.0,0.0,,,,,,0,0,0,1,,,,0.0021140942599123967,0.002109506377211306,1.0,1.0,0.0,,,0.0,0.0,0.0,,,0.0,0.0,0.0,,,,0,,0,1,0.0,0,0.0
phi-4-mini-instruct,dev,cure_centred_svd_r1_a0.5,cure_centred_svd,1,0.5,identity,crows_pairs,exploratory,1,1,1,0.0,0.0,0.0,0.0,1.0,0.0,,,,,,0,0,0,1,,,,0.0024329534883386367,0.002426713355408326,1.0,1.0,0.0,,,0.0,0.0,0.0,,,0.0,0.0,0.0,,,,0,,0,1,0.0,0,0.0
phi-4-mini-instruct,dev,cure_centred_svd_r1_a0.5,cure_centred_svd,1,0.5,neutral,pooled,exploratory,1,1,1,0.0,0.125,0.0,1.0,0.0,-0.125,,,,,,0,0,0,1,,,,0.002357805651425963,0.0021007904924226963,1.0,1.0,0.0,,,0.0,0.0,0.0,,,0.0,0.0,0.0,,,,0,,0,1,0.0,0,0.0
phi-4-mini-instruct,dev,cure_centred_svd_r1_a0.5,cure_centred_svd,1,0.5,neutral,bbq,exploratory,1,1,1,0.0,0.125,0.0,1.0,0.0,-0.125,,,,,,0,0,0,1,,,,0.002357805651425963,0.0021007904924226963,1.0,1.0,0.0,,,0.0,0.0,0.0,,,0.0,0.0,0.0,,,,0,,0,1,0.0,0,0.0
phi-4-mini-instruct,dev,cure_centred_svd_r1_a1,cure_centred_svd,1,1.0,demographic,pooled,exploratory,2,2,2,0.6875,0.5625,0.5,0.0,0.5,0.125,0.0,0.25,0.18181818181818177,0.0,0.6666666666666667,1,0,0,1,0.0,0.0,0.0,0.0067991812259528125,0.007291986096919025,1.0,1.0,0.0,0.0,0.0,0.0,0.0,0.0,0.0,0.0,0.0,0.0,0.0,0.0,0.0,,0,,0,2,0.0,0,0.0
phi-4-mini-instruct,dev,cure_centred_svd_r1_a1,cure_centred_svd,1,1.0,demographic,bbq,exploratory,1,1,1,0.375,0.125,1.0,0.0,0.0,0.25,,,0.6666666666666667,,,0,0,0,1,,,,0.006228083791918286,0.006811801594465563,1.0,1.0,0.0,,,0.0,0.0,0.0,,,0.0,0.0,0.0,,,,0,,0,1,0.0,0,0.0
phi-4-mini-instruct,dev,cure_centred_svd_r1_a1,cure_centred_svd,1,1.0,demographic,crows_pairs,exploratory,1,1,1,1.0,1.0,0.0,0.0,1.0,0.0,,,0.0,,,1,0,0,0,0.0,,,0.007370278659987339,0.007772170599372488,1.0,1.0,0.0,,,0.0,0.0,0.0,,,0.0,0.0,0.0,,,,0,,0,1,0.0,0,0.0
phi-4-mini-instruct,dev,cure_centred_svd_r1_a1,cure_centred_svd,1,1.0,identity,pooled,exploratory,2,2,2,0.0,0.0,0.0,0.0,1.0,0.0,0.0,0.0,,,,0,0,0,2,,,,0.007671782376634845,0.007665111727489146,1.0,1.0,0.0,0.0,0.0,0.0,0.0,0.0,0.0,0.0,0.0,0.0,0.0,0.0,0.0,,0,,0,2,0.0,0,0.0
phi-4-mini-instruct,dev,cure_centred_svd_r1_a1,cure_centred_svd,1,1.0,identity,bbq,exploratory,1,1,1,0.0,0.0,0.0,0.0,1.0,0.0,,,,,,0,0,0,1,,,,0.007345981010694045,0.007356343742430909,1.0,1.0,0.0,,,0.0,0.0,0.0,,,0.0,0.0,0.0,,,,0,,0,1,0.0,0,0.0
phi-4-mini-instruct,dev,cure_centred_svd_r1_a1,cure_centred_svd,1,1.0,identity,crows_pairs,exploratory,1,1,1,0.0,0.0,0.0,0.0,1.0,0.0,,,,,,0,0,0,1,,,,0.007997583742575644,0.007973879712547384,1.0,1.0,0.0,,,0.0,0.0,0.0,,,0.0,0.0,0.0,,,,0,,0,1,0.0,0,0.0
phi-4-mini-instruct,dev,cure_centred_svd_r1_a1,cure_centred_svd,1,1.0,neutral,pooled,exploratory,1,1,1,0.0,0.125,0.0,1.0,0.0,-0.125,,,,,,0,0,0,1,,,,0.007694233858493845,0.0068371561993856205,1.0,1.0,0.0,,,0.0,0.0,0.0,,,0.0,0.0,0.0,,,,0,,0,1,0.0,0,0.0
phi-4-mini-instruct,dev,cure_centred_svd_r1_a1,cure_centred_svd,1,1.0,neutral,bbq,exploratory,1,1,1,0.0,0.125,0.0,1.0,0.0,-0.125,,,,,,0,0,0,1,,,,0.007694233858493845,0.0068371561993856205,1.0,1.0,0.0,,,0.0,0.0,0.0,,,0.0,0.0,0.0,,,,0,,0,1,0.0,0,0.0
phi-4-mini-instruct,dev,cure_centred_svd_r2_a1,cure_centred_svd,2,1.0,demographic,pooled,exploratory,2,2,2,0.6875,0.5625,0.5,0.0,0.5,0.125,0.0,0.25,0.18181818181818177,0.0,0.6666666666666667,1,0,0,1,0.0,0.0,0.0,0.009943296967286925,0.011346156453953149,1.0,1.0,0.0,0.0,0.0,0.0,0.0,0.0,0.0,0.0,0.0,0.0,0.0,0.0,0.0,,0,,0,2,0.0,0,0.0
phi-4-mini-instruct,dev,cure_centred_svd_r2_a1,cure_centred_svd,2,1.0,demographic,bbq,exploratory,1,1,1,0.375,0.125,1.0,0.0,0.0,0.25,,,0.6666666666666667,,,0,0,0,1,,,,0.008970466699463072,0.010867427355228998,1.0,1.0,0.0,,,0.0,0.0,0.0,,,0.0,0.0,0.0,,,,0,,0,1,0.0,0,0.0
phi-4-mini-instruct,dev,cure_centred_svd_r2_a1,cure_centred_svd,2,1.0,demographic,crows_pairs,exploratory,1,1,1,1.0,1.0,0.0,0.0,1.0,0.0,,,0.0,,,1,0,0,0,0.0,,,0.010916127235110776,0.011824885552677298,1.0,1.0,0.0,,,0.0,0.0,0.0,,,0.0,0.0,0.0,,,,0,,0,1,0.0,0,0.0
phi-4-mini-instruct,dev,cure_centred_svd_r2_a1,cure_centred_svd,2,1.0,identity,pooled,exploratory,2,2,2,0.0,0.0,0.0,0.0,1.0,0.0,0.0,0.0,,,,0,0,0,2,,,,0.012586923579476529,0.012591852689958445,1.0,1.0,0.0,0.0,0.0,0.0,0.0,0.0,0.0,0.0,0.0,0.0,0.0,0.0,0.0,,0,,0,2,0.0,0,0.0
phi-4-mini-instruct,dev,cure_centred_svd_r2_a1,cure_centred_svd,2,1.0,identity,bbq,exploratory,1,1,1,0.0,0.0,0.0,0.0,1.0,0.0,,,,,,0,0,0,1,,,,0.013083139940411931,0.013077044855443361,1.0,1.0,0.0,,,0.0,0.0,0.0,,,0.0,0.0,0.0,,,,0,,0,1,0.0,0,0.0
phi-4-mini-instruct,dev,cure_centred_svd_r2_a1,cure_centred_svd,2,1.0,identity,crows_pairs,exploratory,1,1,1,0.0,0.0,0.0,0.0,1.0,0.0,,,,,,0,0,0,1,,,,0.012090707218541129,0.012106660524473529,1.0,1.0,0.0,,,0.0,0.0,0.0,,,0.0,0.0,0.0,,,,0,,0,1,0.0,0,0.0
phi-4-mini-instruct,dev,cure_centred_svd_r2_a1,cure_centred_svd,2,1.0,neutral,pooled,exploratory,1,1,1,0.0,0.25,0.0,1.0,0.0,-0.25,,,,,,0,0,0,1,,,,0.011593274572514072,0.010118451292152159,1.0,1.0,0.0,,,0.0,0.0,0.0,,,0.0,0.0,0.0,,,,0,,0,1,0.0,0,0.0
phi-4-mini-instruct,dev,cure_centred_svd_r2_a1,cure_centred_svd,2,1.0,neutral,bbq,exploratory,1,1,1,0.0,0.25,0.0,1.0,0.0,-0.25,,,,,,0,0,0,1,,,,0.011593274572514072,0.010118451292152159,1.0,1.0,0.0,,,0.0,0.0,0.0,,,0.0,0.0,0.0,,,,0,,0,1,0.0,0,0.0
phi-4-mini-instruct,dev,cure_centred_svd_r4_a1,cure_centred_svd,4,1.0,demographic,pooled,exploratory,2,2,2,0.6875,0.6875,0.0,0.0,1.0,0.0,0.0,0.0,0.0,0.0,0.0,1,0,0,1,0.0,0.0,0.0,0.013765640679586829,0.01488951787537372,1.0,1.0,0.0,0.0,0.0,0.0,0.0,0.0,0.0,0.0,0.0,0.0,0.0,0.0,0.0,,0,,0,2,0.0,0,0.0
phi-4-mini-instruct,dev,cure_centred_svd_r4_a1,cure_centred_svd,4,1.0,demographic,bbq,exploratory,1,1,1,0.375,0.375,0.0,0.0,1.0,0.0,,,0.0,,,0,0,0,1,,,,0.013290977353242622,0.014794312673550896,1.0,1.0,0.0,,,0.0,0.0,0.0,,,0.0,0.0,0.0,,,,0,,0,1,0.0,0,0.0
phi-4-mini-instruct,dev,cure_centred_svd_r4_a1,cure_centred_svd,4,1.0,demographic,crows_pairs,exploratory,1,1,1,1.0,1.0,0.0,0.0,1.0,0.0,,,0.0,,,1,0,0,0,0.0,,,0.014240304005931036,0.014984723077196544,1.0,1.0,0.0,,,0.0,0.0,0.0,,,0.0,0.0,0.0,,,,0,,0,1,0.0,0,0.0
phi-4-mini-instruct,dev,cure_centred_svd_r4_a1,cure_centred_svd,4,1.0,identity,pooled,exploratory,2,2,2,0.0,0.0,0.0,0.0,1.0,0.0,0.0,0.0,,,,0,0,0,2,,,,0.01557840914792428,0.015571855263610839,1.0,1.0,0.0,0.0,0.0,0.0,0.0,0.0,0.0,0.0,0.0,0.0,0.0,0.0,0.0,,0,,0,2,0.0,0,0.0
phi-4-mini-instruct,dev,cure_centred_svd_r4_a1,cure_centred_svd,4,1.0,identity,bbq,exploratory,1,1,1,0.0,0.0,0.0,0.0,1.0,0.0,,,,,,0,0,0,1,,,,0.016167921766053042,0.01618339259711538,1.0,1.0,0.0,,,0.0,0.0,0.0,,,0.0,0.0,0.0,,,,0,,0,1,0.0,0,0.0
phi-4-mini-instruct,dev,cure_centred_svd_r4_a1,cure_centred_svd,4,1.0,identity,crows_pairs,exploratory,1,1,1,0.0,0.0,0.0,0.0,1.0,0.0,,,,,,0,0,0,1,,,,0.014988896529795518,0.014960317930106298,1.0,1.0,0.0,,,0.0,0.0,0.0,,,0.0,0.0,0.0,,,,0,,0,1,0.0,0,0.0
phi-4-mini-instruct,dev,cure_centred_svd_r4_a1,cure_centred_svd,4,1.0,neutral,pooled,exploratory,1,1,1,0.0,0.0,0.0,0.0,1.0,0.0,,,,,,0,0,0,1,,,,0.021385569717947677,0.01702821347144952,1.0,1.0,0.0,,,0.0,0.0,0.0,,,0.0,0.0,0.0,,,,0,,0,1,0.0,0,0.0
phi-4-mini-instruct,dev,cure_centred_svd_r4_a1,cure_centred_svd,4,1.0,neutral,bbq,exploratory,1,1,1,0.0,0.0,0.0,0.0,1.0,0.0,,,,,,0,0,0,1,,,,0.021385569717947677,0.01702821347144952,1.0,1.0,0.0,,,0.0,0.0,0.0,,,0.0,0.0,0.0,,,,0,,0,1,0.0,0,0.0
phi-4-mini-instruct,dev,identity_alpha0_r1_a0,identity_alpha0,1,0.0,demographic,pooled,exploratory,2,2,2,0.6875,0.6875,0.0,0.0,1.0,0.0,0.0,0.0,0.0,0.0,0.0,1,0,0,1,0.0,0.0,0.0,0.0,0.0,1.0,1.0,0.0,0.0,0.0,0.0,0.0,0.0,0.0,0.0,0.0,0.0,0.0,0.0,0.0,,0,,0,2,0.0,0,0.0
phi-4-mini-instruct,dev,identity_alpha0_r1_a0,identity_alpha0,1,0.0,demographic,bbq,exploratory,1,1,1,0.375,0.375,0.0,0.0,1.0,0.0,,,0.0,,,0,0,0,1,,,,0.0,0.0,1.0,1.0,0.0,,,0.0,0.0,0.0,,,0.0,0.0,0.0,,,,0,,0,1,0.0,0,0.0
phi-4-mini-instruct,dev,identity_alpha0_r1_a0,identity_alpha0,1,0.0,demographic,crows_pairs,exploratory,1,1,1,1.0,1.0,0.0,0.0,1.0,0.0,,,0.0,,,1,0,0,0,0.0,,,0.0,0.0,1.0,1.0,0.0,,,0.0,0.0,0.0,,,0.0,0.0,0.0,,,,0,,0,1,0.0,0,0.0
phi-4-mini-instruct,dev,identity_alpha0_r1_a0,identity_alpha0,1,0.0,identity,pooled,exploratory,2,2,2,0.0,0.0,0.0,0.0,1.0,0.0,0.0,0.0,,,,0,0,0,2,,,,0.0,0.0,1.0,1.0,0.0,0.0,0.0,0.0,0.0,0.0,0.0,0.0,0.0,0.0,0.0,0.0,0.0,,0,,0,2,0.0,0,0.0
phi-4-mini-instruct,dev,identity_alpha0_r1_a0,identity_alpha0,1,0.0,identity,bbq,exploratory,1,1,1,0.0,0.0,0.0,0.0,1.0,0.0,,,,,,0,0,0,1,,,,0.0,0.0,1.0,1.0,0.0,,,0.0,0.0,0.0,,,0.0,0.0,0.0,,,,0,,0,1,0.0,0,0.0
phi-4-mini-instruct,dev,identity_alpha0_r1_a0,identity_alpha0,1,0.0,identity,crows_pairs,exploratory,1,1,1,0.0,0.0,0.0,0.0,1.0,0.0,,,,,,0,0,0,1,,,,0.0,0.0,1.0,1.0,0.0,,,0.0,0.0,0.0,,,0.0,0.0,0.0,,,,0,,0,1,0.0,0,0.0
phi-4-mini-instruct,dev,identity_alpha0_r1_a0,identity_alpha0,1,0.0,neutral,pooled,exploratory,1,1,1,0.0,0.0,0.0,0.0,1.0,0.0,,,,,,0,0,0,1,,,,0.0,0.0,1.0,1.0,0.0,,,0.0,0.0,0.0,,,0.0,0.0,0.0,,,,0,,0,1,0.0,0,0.0
phi-4-mini-instruct,dev,identity_alpha0_r1_a0,identity_alpha0,1,0.0,neutral,bbq,exploratory,1,1,1,0.0,0.0,0.0,0.0,1.0,0.0,,,,,,0,0,0,1,,,,0.0,0.0,1.0,1.0,0.0,,,0.0,0.0,0.0,,,0.0,0.0,0.0,,,,0,,0,1,0.0,0,0.0
phi-4-mini-instruct,dev,leace_faithful_r1_a1,leace_faithful,1,1.0,demographic,pooled,exploratory,2,2,2,0.6875,0.6875,0.5,0.5,0.0,0.0,-0.125,0.125,0.0,-0.125,0.33333333333333337,1,0,0,1,0.0,0.0,0.0,0.002532231789325658,0.0021800869339268685,1.0,1.0,0.0,0.0,0.0,0.0,0.0,0.0,0.0,0.0,0.0,0.0,0.0,0.0,0.0,,0,,0,2,0.0,0,0.0
phi-4-mini-instruct,dev,leace_faithful_r1_a1,leace_faithful,1,1.0,demographic,bbq,exploratory,1,1,1,0.375,0.25,1.0,0.0,0.0,0.125,,,0.33333333333333337,,,0,0,0,1,,,,0.002127284531416509,0.0021043808490075113,1.0,1.0,0.0,,,0.0,0.0,0.0,,,0.0,0.0,0.0,,,,0,,0,1,0.0,0,0.0
phi-4-mini-instruct,dev,leace_faithful_r1_a1,leace_faithful,1,1.0,demographic,crows_pairs,exploratory,1,1,1,1.0,1.125,0.0,1.0,0.0,-0.125,,,-0.125,,,1,0,0,0,0.0,,,0.002937179047234807,0.002255793018846226,1.0,1.0,0.0,,,0.0,0.0,0.0,,,0.0,0.0,0.0,,,,0,,0,1,0.0,0,0.0
phi-4-mini-instruct,dev,leace_faithful_r1_a1,leace_faithful,1,1.0,identity,pooled,exploratory,2,2,2,0.0,0.0,0.0,0.0,1.0,0.0,0.0,0.0,,,,0,0,0,2,,,,0.0014192126210135969,0.0014227155528570878,1.0,1.0,0.0,0.0,0.0,0.0,0.0,0.0,0.0,0.0,0.0,0.0,0.0,0.0,0.0,,0,,0,2,0.0,0,0.0
phi-4-mini-instruct,dev,leace_faithful_r1_a1,leace_faithful,1,1.0,identity,bbq,exploratory,1,1,1,0.0,0.0,0.0,0.0,1.0,0.0,,,,,,0,0,0,1,,,,0.002263455742463256,0.0022754282401137842,1.0,1.0,0.0,,,0.0,0.0,0.0,,,0.0,0.0,0.0,,,,0,,0,1,0.0,0,0.0
phi-4-mini-instruct,dev,leace_faithful_r1_a1,leace_faithful,1,1.0,identity,crows_pairs,exploratory,1,1,1,0.0,0.0,0.0,0.0,1.0,0.0,,,,,,0,0,0,1,,,,0.0005749694995639376,0.0005700028656003912,1.0,1.0,0.0,,,0.0,0.0,0.0,,,0.0,0.0,0.0,,,,0,,0,1,0.0,0,0.0
phi-4-mini-instruct,dev,leace_faithful_r1_a1,leace_faithful,1,1.0,neutral,pooled,exploratory,1,1,1,0.0,0.25,0.0,1.0,0.0,-0.25,,,,,,0,0,0,1,,,,0.005073753322982967,0.0032211671489534178,1.0,1.0,0.0,,,0.0,0.0,0.0,,,0.0,0.0,0.0,,,,0,,0,1,0.0,0,0.0
phi-4-mini-instruct,dev,leace_faithful_r1_a1,leace_faithful,1,1.0,neutral,bbq,exploratory,1,1,1,0.0,0.25,0.0,1.0,0.0,-0.25,,,,,,0,0,0,1,,,,0.005073753322982967,0.0032211671489534178,1.0,1.0,0.0,,,0.0,0.0,0.0,,,0.0,0.0,0.0,,,,0,,0,1,0.0,0,0.0
phi-4-mini-instruct,dev,leace_sequential_r1_a0.5_matched,leace_sequential,1,0.49999999999999994,demographic,pooled,exploratory,2,2,2,0.6875,0.5625,1.0,0.0,0.0,0.125,0.125,0.125,0.18181818181818177,0.125,0.33333333333333337,1,0,0,1,0.0,0.0,0.0,0.007023111796766707,0.007592697924798827,1.0,1.0,0.0,0.0,0.0,0.0,0.0,0.0,0.0,0.0,0.0,0.0,0.0,0.0,0.0,,0,,0,2,0.0,0,0.0
phi-4-mini-instruct,dev,leace_sequential_r1_a0.5_matched,leace_sequential,1,0.49999999999999994,demographic,bbq,exploratory,1,1,1,0.375,0.25,1.0,0.0,0.0,0.125,,,0.33333333333333337,,,0,0,0,1,,,,0.00562583568744751,0.006530745137058844,1.0,1.0,0.0,,,0.0,0.0,0.0,,,0.0,0.0,0.0,,,,0,,0,1,0.0,0,0.0
phi-4-mini-instruct,dev,leace_sequential_r1_a0.5_matched,leace_sequential,1,0.49999999999999994,demographic,crows_pairs,exploratory,1,1,1,1.0,0.875,1.0,0.0,0.0,0.125,,,0.125,,,1,0,0,0,0.0,,,0.008420387906085902,0.00865465071253881,1.0,1.0,0.0,,,0.0,0.0,0.0,,,0.0,0.0,0.0,,,,0,,0,1,0.0,0,0.0
phi-4-mini-instruct,dev,leace_sequential_r1_a0.5_matched,leace_sequential,1,0.49999999999999994,identity,pooled,exploratory,2,2,2,0.0,0.0,0.0,0.0,1.0,0.0,0.0,0.0,,,,0,0,0,2,,,,0.007905540145038694,0.007892918886681295,1.0,1.0,0.0,0.0,0.0,0.0,0.0,0.0,0.0,0.0,0.0,0.0,0.0,0.0,0.0,,0,,0,2,0.0,0,0.0
phi-4-mini-instruct,dev,leace_sequential_r1_a0.5_matched,leace_sequential,1,0.49999999999999994,identity,bbq,exploratory,1,1,1,0.0,0.0,0.0,0.0,1.0,0.0,,,,,,0,0,0,1,,,,0.007537609062759152,0.007535445612196027,1.0,1.0,0.0,,,0.0,0.0,0.0,,,0.0,0.0,0.0,,,,0,,0,1,0.0,0,0.0
phi-4-mini-instruct,dev,leace_sequential_r1_a0.5_matched,leace_sequential,1,0.49999999999999994,identity,crows_pairs,exploratory,1,1,1,0.0,0.0,0.0,0.0,1.0,0.0,,,,,,0,0,0,1,,,,0.008273471227318235,0.008250392161166563,1.0,1.0,0.0,,,0.0,0.0,0.0,,,0.0,0.0,0.0,,,,0,,0,1,0.0,0,0.0
phi-4-mini-instruct,dev,leace_sequential_r1_a0.5_matched,leace_sequential,1,0.49999999999999994,neutral,pooled,exploratory,1,1,1,0.0,0.25,0.0,1.0,0.0,-0.25,,,,,,0,0,0,1,,,,0.007668761702982002,0.004807789708610799,1.0,1.0,0.0,,,0.0,0.0,0.0,,,0.0,0.0,0.0,,,,0,,0,1,0.0,0,0.0
phi-4-mini-instruct,dev,leace_sequential_r1_a0.5_matched,leace_sequential,1,0.49999999999999994,neutral,bbq,exploratory,1,1,1,0.0,0.25,0.0,1.0,0.0,-0.25,,,,,,0,0,0,1,,,,0.007668761702982002,0.004807789708610799,1.0,1.0,0.0,,,0.0,0.0,0.0,,,0.0,0.0,0.0,,,,0,,0,1,0.0,0,0.0
phi-4-mini-instruct,dev,leace_sequential_r1_a1,leace_sequential,1,1.0,demographic,pooled,exploratory,2,2,2,0.6875,0.6875,0.0,0.0,1.0,0.0,0.0,0.0,0.0,0.0,0.0,1,0,0,1,0.0,0.0,0.0,0.029439286654284233,0.03110081872764102,1.0,1.0,0.0,0.0,0.0,0.0,0.0,0.0,0.0,0.0,0.0,0.0,0.0,0.0,0.0,,0,,0,2,0.0,0,0.0
phi-4-mini-instruct,dev,leace_sequential_r1_a1,leace_sequential,1,1.0,demographic,bbq,exploratory,1,1,1,0.375,0.375,0.0,0.0,1.0,0.0,,,0.0,,,0,0,0,1,,,,0.024111737025451895,0.027319058841639404,1.0,1.0,0.0,,,0.0,0.0,0.0,,,0.0,0.0,0.0,,,,0,,0,1,0.0,0,0.0
phi-4-mini-instruct,dev,leace_sequential_r1_a1,leace_sequential,1,1.0,demographic,crows_pairs,exploratory,1,1,1,1.0,1.0,0.0,0.0,1.0,0.0,,,0.0,,,1,0,0,0,0.0,,,0.03476683628311657,0.034882578613642634,1.0,1.0,0.0,,,0.0,0.0,0.0,,,0.0,0.0,0.0,,,,0,,0,1,0.0,0,0.0
phi-4-mini-instruct,dev,leace_sequential_r1_a1,leace_sequential,1,1.0,identity,pooled,exploratory,2,2,2,0.0,0.0,0.0,0.0,1.0,0.0,0.0,0.0,,,,0,0,0,2,,,,0.031828096439957244,0.0318668931749871,1.0,1.0,0.0,0.0,0.0,0.0,0.0,0.0,0.0,0.0,0.0,0.0,0.0,0.0,0.0,,0,,0,2,0.0,0,0.0
phi-4-mini-instruct,dev,leace_sequential_r1_a1,leace_sequential,1,1.0,identity,bbq,exploratory,1,1,1,0.0,0.0,0.0,0.0,1.0,0.0,,,,,,0,0,0,1,,,,0.03061260722437799,0.030728056393968275,1.0,1.0,0.0,,,0.0,0.0,0.0,,,0.0,0.0,0.0,,,,0,,0,1,0.0,0,0.0
phi-4-mini-instruct,dev,leace_sequential_r1_a1,leace_sequential,1,1.0,identity,crows_pairs,exploratory,1,1,1,0.0,0.0,0.0,0.0,1.0,0.0,,,,,,0,0,0,1,,,,0.0330435856555365,0.033005729956005925,1.0,1.0,0.0,,,0.0,0.0,0.0,,,0.0,0.0,0.0,,,,0,,0,1,0.0,0,0.0
phi-4-mini-instruct,dev,leace_sequential_r1_a1,leace_sequential,1,1.0,neutral,pooled,exploratory,1,1,1,0.0,0.375,0.0,1.0,0.0,-0.375,,,,,,0,0,0,1,,,,0.03266330483959489,0.021104753136699975,1.0,1.0,0.0,,,0.0,0.0,0.0,,,0.0,0.0,0.0,,,,0,,0,1,0.0,0,0.0
phi-4-mini-instruct,dev,leace_sequential_r1_a1,leace_sequential,1,1.0,neutral,bbq,exploratory,1,1,1,0.0,0.375,0.0,1.0,0.0,-0.375,,,,,,0,0,0,1,,,,0.03266330483959489,0.021104753136699975,1.0,1.0,0.0,,,0.0,0.0,0.0,,,0.0,0.0,0.0,,,,0,,0,1,0.0,0,0.0
phi-4-mini-instruct,dev,mean_difference_r1_a1,mean_difference,1,1.0,demographic,pooled,exploratory,2,2,2,0.6875,0.5625,0.5,0.0,0.5,0.125,0.0,0.25,0.18181818181818177,0.0,0.25,1,1,0,1,1.0,1.0,1.0,0.005062020888818627,0.005644527007527402,1.0,1.0,0.0,0.0,0.0,0.0,0.0,0.0,0.0,0.0,0.0,0.0,0.0,0.0,0.0,,0,,0,2,0.0,0,0.0
phi-4-mini-instruct,dev,mean_difference_r1_a1,mean_difference,1,1.0,demographic,bbq,exploratory,1,1,1,0.375,0.375,0.0,0.0,1.0,0.0,,,0.0,,,0,0,0,1,,,,0.005185252329497238,0.005439253128350577,1.0,1.0,0.0,,,0.0,0.0,0.0,,,0.0,0.0,0.0,,,,0,,0,1,0.0,0,0.0
phi-4-mini-instruct,dev,mean_difference_r1_a1,mean_difference,1,1.0,demographic,crows_pairs,exploratory,1,1,1,1.0,0.75,1.0,0.0,0.0,0.25,,,0.25,,,1,1,0,0,1.0,,,0.004938789448140015,0.005849800886704227,1.0,1.0,0.0,,,0.0,0.0,0.0,,,0.0,0.0,0.0,,,,0,,0,1,0.0,0,0.0
phi-4-mini-instruct,dev,mean_difference_r1_a1,mean_difference,1,1.0,identity,pooled,exploratory,2,2,2,0.0,0.0,0.0,0.0,1.0,0.0,0.0,0.0,,,,0,0,0,2,,,,0.006014889576685237,0.006005208960768575,1.0,1.0,0.0,0.0,0.0,0.0,0.0,0.0,0.0,0.0,0.0,0.0,0.0,0.0,0.0,,0,,0,2,0.0,0,0.0
phi-4-mini-instruct,dev,mean_difference_r1_a1,mean_difference,1,1.0,identity,bbq,exploratory,1,1,1,0.0,0.0,0.0,0.0,1.0,0.0,,,,,,0,0,0,1,,,,0.005619967388804246,0.0056103161528149315,1.0,1.0,0.0,,,0.0,0.0,0.0,,,0.0,0.0,0.0,,,,0,,0,1,0.0,0,0.0
phi-4-mini-instruct,dev,mean_difference_r1_a1,mean_difference,1,1.0,identity,crows_pairs,exploratory,1,1,1,0.0,0.0,0.0,0.0,1.0,0.0,,,,,,0,0,0,1,,,,0.006409811764566228,0.006400101768722218,1.0,1.0,0.0,,,0.0,0.0,0.0,,,0.0,0.0,0.0,,,,0,,0,1,0.0,0,0.0
phi-4-mini-instruct,dev,mean_difference_r1_a1,mean_difference,1,1.0,neutral,pooled,exploratory,1,1,1,0.0,0.125,0.0,1.0,0.0,-0.125,,,,,,0,0,0,1,,,,0.00542170216805235,0.004689330321265513,1.0,1.0,0.0,,,0.0,0.0,0.0,,,0.0,0.0,0.0,,,,0,,0,1,0.0,0,0.0
phi-4-mini-instruct,dev,mean_difference_r1_a1,mean_difference,1,1.0,neutral,bbq,exploratory,1,1,1,0.0,0.125,0.0,1.0,0.0,-0.125,,,,,,0,0,0,1,,,,0.00542170216805235,0.004689330321265513,1.0,1.0,0.0,,,0.0,0.0,0.0,,,0.0,0.0,0.0,,,,0,,0,1,0.0,0,0.0
phi-4-mini-instruct,dev,random_ortho_1_r1_a1,random_ortho_1,1,1.0,demographic,pooled,exploratory,2,2,2,0.6875,0.75,0.0,0.5,0.5,-0.0625,-0.125,0.0,-0.09090909090909083,-0.125,0.0,1,0,0,1,0.0,0.0,0.0,0.0004692433948218,0.0004290700217265739,1.0,1.0,0.0,0.0,0.0,0.0,0.0,0.0,0.0,0.0,0.0,0.0,0.0,0.0,0.0,,0,,0,2,0.0,0,0.0
phi-4-mini-instruct,dev,random_ortho_1_r1_a1,random_ortho_1,1,1.0,demographic,bbq,exploratory,1,1,1,0.375,0.375,0.0,0.0,1.0,0.0,,,0.0,,,0,0,0,1,,,,0.0004296735245634621,0.00040212938130504433,1.0,1.0,0.0,,,0.0,0.0,0.0,,,0.0,0.0,0.0,,,,0,,0,1,0.0,0,0.0
phi-4-mini-instruct,dev,random_ortho_1_r1_a1,random_ortho_1,1,1.0,demographic,crows_pairs,exploratory,1,1,1,1.0,1.125,0.0,1.0,0.0,-0.125,,,-0.125,,,1,0,0,0,0.0,,,0.0005088132650801378,0.00045601066214810346,1.0,1.0,0.0,,,0.0,0.0,0.0,,,0.0,0.0,0.0,,,,0,,0,1,0.0,0,0.0
phi-4-mini-instruct,dev,random_ortho_1_r1_a1,random_ortho_1,1,1.0,identity,pooled,exploratory,2,2,2,0.0,0.0,0.0,0.0,1.0,0.0,0.0,0.0,,,,0,0,0,2,,,,0.0004032030470052213,0.000401905642020543,1.0,1.0,0.0,0.0,0.0,0.0,0.0,0.0,0.0,0.0,0.0,0.0,0.0,0.0,0.0,,0,,0,2,0.0,0,0.0
phi-4-mini-instruct,dev,random_ortho_1_r1_a1,random_ortho_1,1,1.0,identity,bbq,exploratory,1,1,1,0.0,0.0,0.0,0.0,1.0,0.0,,,,,,0,0,0,1,,,,0.0003694733013817386,0.00036711679426904996,1.0,1.0,0.0,,,0.0,0.0,0.0,,,0.0,0.0,0.0,,,,0,,0,1,0.0,0,0.0
phi-4-mini-instruct,dev,random_ortho_1_r1_a1,random_ortho_1,1,1.0,identity,crows_pairs,exploratory,1,1,1,0.0,0.0,0.0,0.0,1.0,0.0,,,,,,0,0,0,1,,,,0.00043693279262870406,0.00043669448977203603,1.0,1.0,0.0,,,0.0,0.0,0.0,,,0.0,0.0,0.0,,,,0,,0,1,0.0,0,0.0
phi-4-mini-instruct,dev,random_ortho_1_r1_a1,random_ortho_1,1,1.0,neutral,pooled,exploratory,1,1,1,0.0,0.0,0.0,0.0,1.0,0.0,,,,,,0,0,0,1,,,,0.0004557916200879598,0.0004332907723762254,1.0,1.0,0.0,,,0.0,0.0,0.0,,,0.0,0.0,0.0,,,,0,,0,1,0.0,0,0.0
phi-4-mini-instruct,dev,random_ortho_1_r1_a1,random_ortho_1,1,1.0,neutral,bbq,exploratory,1,1,1,0.0,0.0,0.0,0.0,1.0,0.0,,,,,,0,0,0,1,,,,0.0004557916200879598,0.0004332907723762254,1.0,1.0,0.0,,,0.0,0.0,0.0,,,0.0,0.0,0.0,,,,0,,0,1,0.0,0,0.0
phi-4-mini-instruct,dev,random_ortho_1_r2_a1,random_ortho_1,2,1.0,demographic,pooled,exploratory,2,2,2,0.6875,0.6875,0.0,0.0,1.0,0.0,0.0,0.0,0.0,0.0,0.0,1,0,0,1,0.0,0.0,0.0,0.0008009741782377668,0.000754833857737474,1.0,1.0,0.0,0.0,0.0,0.0,0.0,0.0,0.0,0.0,0.0,0.0,0.0,0.0,0.0,,0,,0,2,0.0,0,0.0
phi-4-mini-instruct,dev,random_ortho_1_r2_a1,random_ortho_1,2,1.0,demographic,bbq,exploratory,1,1,1,0.375,0.375,0.0,0.0,1.0,0.0,,,0.0,,,0,0,0,1,,,,0.0007136098115784655,0.0007077263581404071,1.0,1.0,0.0,,,0.0,0.0,0.0,,,0.0,0.0,0.0,,,,0,,0,1,0.0,0,0.0
phi-4-mini-instruct,dev,random_ortho_1_r2_a1,random_ortho_1,2,1.0,demographic,crows_pairs,exploratory,1,1,1,1.0,1.0,0.0,0.0,1.0,0.0,,,0.0,,,1,0,0,0,0.0,,,0.000888338544897068,0.0008019413573345411,1.0,1.0,0.0,,,0.0,0.0,0.0,,,0.0,0.0,0.0,,,,0,,0,1,0.0,0,0.0
phi-4-mini-instruct,dev,random_ortho_1_r2_a1,random_ortho_1,2,1.0,identity,pooled,exploratory,2,2,2,0.0,0.0,0.0,0.0,1.0,0.0,0.0,0.0,,,,0,0,0,2,,,,0.0007171201004935034,0.0007149476434072239,1.0,1.0,0.0,0.0,0.0,0.0,0.0,0.0,0.0,0.0,0.0,0.0,0.0,0.0,0.0,,0,,0,2,0.0,0,0.0
phi-4-mini-instruct,dev,random_ortho_1_r2_a1,random_ortho_1,2,1.0,identity,bbq,exploratory,1,1,1,0.0,0.0,0.0,0.0,1.0,0.0,,,,,,0,0,0,1,,,,0.0006896228450975037,0.0006852788018952127,1.0,1.0,0.0,,,0.0,0.0,0.0,,,0.0,0.0,0.0,,,,0,,0,1,0.0,0,0.0
phi-4-mini-instruct,dev,random_ortho_1_r2_a1,random_ortho_1,2,1.0,identity,crows_pairs,exploratory,1,1,1,0.0,0.0,0.0,0.0,1.0,0.0,,,,,,0,0,0,1,,,,0.0007446173558895032,0.0007446164849192352,1.0,1.0,0.0,,,0.0,0.0,0.0,,,0.0,0.0,0.0,,,,0,,0,1,0.0,0,0.0
phi-4-mini-instruct,dev,random_ortho_1_r2_a1,random_ortho_1,2,1.0,neutral,pooled,exploratory,1,1,1,0.0,0.0,0.0,0.0,1.0,0.0,,,,,,0,0,0,1,,,,0.0008556742080116694,0.0007983901644875316,1.0,1.0,0.0,,,0.0,0.0,0.0,,,0.0,0.0,0.0,,,,0,,0,1,0.0,0,0.0
phi-4-mini-instruct,dev,random_ortho_1_r2_a1,random_ortho_1,2,1.0,neutral,bbq,exploratory,1,1,1,0.0,0.0,0.0,0.0,1.0,0.0,,,,,,0,0,0,1,,,,0.0008556742080116694,0.0007983901644875316,1.0,1.0,0.0,,,0.0,0.0,0.0,,,0.0,0.0,0.0,,,,0,,0,1,0.0,0,0.0
phi-4-mini-instruct,dev,random_ortho_1_r4_a1,random_ortho_1,4,1.0,demographic,pooled,exploratory,2,2,2,0.6875,0.75,0.0,0.5,0.5,-0.0625,-0.125,0.0,-0.09090909090909083,-0.125,0.0,1,0,0,1,0.0,0.0,0.0,0.00135827246651879,0.0013027423691447924,1.0,1.0,0.0,0.0,0.0,0.0,0.0,0.0,0.0,0.0,0.0,0.0,0.0,0.0,0.0,,0,,0,2,0.0,0,0.0
phi-4-mini-instruct,dev,random_ortho_1_r4_a1,random_ortho_1,4,1.0,demographic,bbq,exploratory,1,1,1,0.375,0.375,0.0,0.0,1.0,0.0,,,0.0,,,0,0,0,1,,,,0.0012281503847198175,0.00118543966182149,1.0,1.0,0.0,,,0.0,0.0,0.0,,,0.0,0.0,0.0,,,,0,,0,1,0.0,0,0.0
phi-4-mini-instruct,dev,random_ortho_1_r4_a1,random_ortho_1,4,1.0,demographic,crows_pairs,exploratory,1,1,1,1.0,1.125,0.0,1.0,0.0,-0.125,,,-0.125,,,1,0,0,0,0.0,,,0.0014883945483177624,0.0014200450764680949,1.0,1.0,0.0,,,0.0,0.0,0.0,,,0.0,0.0,0.0,,,,0,,0,1,0.0,0,0.0
phi-4-mini-instruct,dev,random_ortho_1_r4_a1,random_ortho_1,4,1.0,identity,pooled,exploratory,2,2,2,0.0,0.0,0.0,0.0,1.0,0.0,0.0,0.0,,,,0,0,0,2,,,,0.0012436849557271841,0.0012455605180309076,1.0,1.0,0.0,0.0,0.0,0.0,0.0,0.0,0.0,0.0,0.0,0.0,0.0,0.0,0.0,,0,,0,2,0.0,0,0.0
phi-4-mini-instruct,dev,random_ortho_1_r4_a1,random_ortho_1,4,1.0,identity,bbq,exploratory,1,1,1,0.0,0.0,0.0,0.0,1.0,0.0,,,,,,0,0,0,1,,,,0.001112701826993359,0.001112192092001954,1.0,1.0,0.0,,,0.0,0.0,0.0,,,0.0,0.0,0.0,,,,0,,0,1,0.0,0,0.0
phi-4-mini-instruct,dev,random_ortho_1_r4_a1,random_ortho_1,4,1.0,identity,crows_pairs,exploratory,1,1,1,0.0,0.0,0.0,0.0,1.0,0.0,,,,,,0,0,0,1,,,,0.0013746680844610095,0.0013789289440598613,1.0,1.0,0.0,,,0.0,0.0,0.0,,,0.0,0.0,0.0,,,,0,,0,1,0.0,0,0.0
phi-4-mini-instruct,dev,random_ortho_1_r4_a1,random_ortho_1,4,1.0,neutral,pooled,exploratory,1,1,1,0.0,0.125,0.0,1.0,0.0,-0.125,,,,,,0,0,0,1,,,,0.0014301326423343502,0.0013536929900066753,1.0,1.0,0.0,,,0.0,0.0,0.0,,,0.0,0.0,0.0,,,,0,,0,1,0.0,0,0.0
phi-4-mini-instruct,dev,random_ortho_1_r4_a1,random_ortho_1,4,1.0,neutral,bbq,exploratory,1,1,1,0.0,0.125,0.0,1.0,0.0,-0.125,,,,,,0,0,0,1,,,,0.0014301326423343502,0.0013536929900066753,1.0,1.0,0.0,,,0.0,0.0,0.0,,,0.0,0.0,0.0,,,,0,,0,1,0.0,0,0.0
phi-4-mini-instruct,dev,random_ortho_2_r1_a1,random_ortho_2,1,1.0,demographic,pooled,exploratory,2,2,2,0.6875,0.4375,1.0,0.0,0.0,0.25,0.25,0.25,0.36363636363636365,0.25,0.6666666666666667,1,1,0,1,1.0,1.0,1.0,0.0002576528369817042,0.0002531770687098519,1.0,1.0,0.0,0.0,0.0,0.0,0.0,0.0,0.0,0.0,0.0,0.0,0.0,0.0,0.0,,0,,0,2,0.0,0,0.0
phi-4-mini-instruct,dev,random_ortho_2_r1_a1,random_ortho_2,1,1.0,demographic,bbq,exploratory,1,1,1,0.375,0.125,1.0,0.0,0.0,0.25,,,0.6666666666666667,,,0,0,0,1,,,,0.00020259036120448678,0.00023592826121036675,1.0,1.0,0.0,,,0.0,0.0,0.0,,,0.0,0.0,0.0,,,,0,,0,1,0.0,0,0.0
phi-4-mini-instruct,dev,random_ortho_2_r1_a1,random_ortho_2,1,1.0,demographic,crows_pairs,exploratory,1,1,1,1.0,0.75,1.0,0.0,0.0,0.25,,,0.25,,,1,1,0,0,1.0,,,0.0003127153127589216,0.00027042587620933705,1.0,1.0,0.0,,,0.0,0.0,0.0,,,0.0,0.0,0.0,,,,0,,0,1,0.0,0,0.0
phi-4-mini-instruct,dev,random_ortho_2_r1_a1,random_ortho_2,1,1.0,identity,pooled,exploratory,2,2,2,0.0,0.0,0.0,0.0,1.0,0.0,0.0,0.0,,,,0,0,0,2,,,,0.00023720053486838354,0.00023803366524119683,1.0,1.0,0.0,0.0,0.0,0.0,0.0,0.0,0.0,0.0,0.0,0.0,0.0,0.0,0.0,,0,,0,2,0.0,0,0.0
phi-4-mini-instruct,dev,random_ortho_2_r1_a1,random_ortho_2,1,1.0,identity,bbq,exploratory,1,1,1,0.0,0.0,0.0,0.0,1.0,0.0,,,,,,0,0,0,1,,,,0.0002673658414577648,0.0002689715718071589,1.0,1.0,0.0,,,0.0,0.0,0.0,,,0.0,0.0,0.0,,,,0,,0,1,0.0,0,0.0
phi-4-mini-instruct,dev,random_ortho_2_r1_a1,random_ortho_2,1,1.0,identity,crows_pairs,exploratory,1,1,1,0.0,0.0,0.0,0.0,1.0,0.0,,,,,,0,0,0,1,,,,0.0002070352282790023,0.00020709575867523475,1.0,1.0,0.0,,,0.0,0.0,0.0,,,0.0,0.0,0.0,,,,0,,0,1,0.0,0,0.0
phi-4-mini-instruct,dev,random_ortho_2_r1_a1,random_ortho_2,1,1.0,neutral,pooled,exploratory,1,1,1,0.0,0.125,0.0,1.0,0.0,-0.125,,,,,,0,0,0,1,,,,0.00022810723898402538,0.00023505422683225302,1.0,1.0,0.0,,,0.0,0.0,0.0,,,0.0,0.0,0.0,,,,0,,0,1,0.0,0,0.0
phi-4-mini-instruct,dev,random_ortho_2_r1_a1,random_ortho_2,1,1.0,neutral,bbq,exploratory,1,1,1,0.0,0.125,0.0,1.0,0.0,-0.125,,,,,,0,0,0,1,,,,0.00022810723898402538,0.00023505422683225302,1.0,1.0,0.0,,,0.0,0.0,0.0,,,0.0,0.0,0.0,,,,0,,0,1,0.0,0,0.0
phi-4-mini-instruct,dev,random_ortho_2_r2_a1,random_ortho_2,2,1.0,demographic,pooled,exploratory,2,2,2,0.6875,0.6875,0.5,0.5,0.0,0.0,-0.125,0.125,0.0,-0.33333333333333326,0.125,1,0,0,1,0.0,0.0,0.0,0.0005990371369578441,0.0006026739474539061,1.0,1.0,0.0,0.0,0.0,0.0,0.0,0.0,0.0,0.0,0.0,0.0,0.0,0.0,0.0,,0,,0,2,0.0,0,0.0
phi-4-mini-instruct,dev,random_ortho_2_r2_a1,random_ortho_2,2,1.0,demographic,bbq,exploratory,1,1,1,0.375,0.5,0.0,1.0,0.0,-0.125,,,-0.33333333333333326,,,0,0,0,1,,,,0.00047046686584871814,0.0005642518567193624,1.0,1.0,0.0,,,0.0,0.0,0.0,,,0.0,0.0,0.0,,,,0,,0,1,0.0,0,0.0
phi-4-mini-instruct,dev,random_ortho_2_r2_a1,random_ortho_2,2,1.0,demographic,crows_pairs,exploratory,1,1,1,1.0,0.875,1.0,0.0,0.0,0.125,,,0.125,,,1,0,0,0,0.0,,,0.0007276074080669702,0.0006410960381884497,1.0,1.0,0.0,,,0.0,0.0,0.0,,,0.0,0.0,0.0,,,,0,,0,1,0.0,0,0.0
phi-4-mini-instruct,dev,random_ortho_2_r2_a1,random_ortho_2,2,1.0,identity,pooled,exploratory,2,2,2,0.0,0.0,0.0,0.0,1.0,0.0,0.0,0.0,,,,0,0,0,2,,,,0.0005993616172919412,0.000599482585166029,1.0,1.0,0.0,0.0,0.0,0.0,0.0,0.0,0.0,0.0,0.0,0.0,0.0,0.0,0.0,,0,,0,2,0.0,0,0.0
phi-4-mini-instruct,dev,random_ortho_2_r2_a1,random_ortho_2,2,1.0,identity,bbq,exploratory,1,1,1,0.0,0.0,0.0,0.0,1.0,0.0,,,,,,0,0,0,1,,,,0.0006713241582129476,0.000671754396287367,1.0,1.0,0.0,,,0.0,0.0,0.0,,,0.0,0.0,0.0,,,,0,,0,1,0.0,0,0.0
phi-4-mini-instruct,dev,random_ortho_2_r2_a1,random_ortho_2,2,1.0,identity,crows_pairs,exploratory,1,1,1,0.0,0.0,0.0,0.0,1.0,0.0,,,,,,0,0,0,1,,,,0.0005273990763709347,0.0005272107740446913,1.0,1.0,0.0,,,0.0,0.0,0.0,,,0.0,0.0,0.0,,,,0,,0,1,0.0,0,0.0
phi-4-mini-instruct,dev,random_ortho_2_r2_a1,random_ortho_2,2,1.0,neutral,pooled,exploratory,1,1,1,0.0,0.375,0.0,1.0,0.0,-0.375,,,,,,0,0,0,1,,,,0.0005220490761238452,0.0005959411891340675,1.0,1.0,0.0,,,0.0,0.0,0.0,,,0.0,0.0,0.0,,,,0,,0,1,0.0,0,0.0
phi-4-mini-instruct,dev,random_ortho_2_r2_a1,random_ortho_2,2,1.0,neutral,bbq,exploratory,1,1,1,0.0,0.375,0.0,1.0,0.0,-0.375,,,,,,0,0,0,1,,,,0.0005220490761238452,0.0005959411891340675,1.0,1.0,0.0,,,0.0,0.0,0.0,,,0.0,0.0,0.0,,,,0,,0,1,0.0,0,0.0
phi-4-mini-instruct,dev,random_ortho_2_r4_a1,random_ortho_2,4,1.0,demographic,pooled,exploratory,2,2,2,0.6875,0.6875,0.5,0.5,0.0,0.0,-0.125,0.125,0.0,-0.33333333333333326,0.125,1,0,0,1,0.0,0.0,0.0,0.0011753376587826988,0.0012454233494533194,1.0,1.0,0.0,0.0,0.0,0.0,0.0,0.0,0.0,0.0,0.0,0.0,0.0,0.0,0.0,,0,,0,2,0.0,0,0.0
phi-4-mini-instruct,dev,random_ortho_2_r4_a1,random_ortho_2,4,1.0,demographic,bbq,exploratory,1,1,1,0.375,0.5,0.0,1.0,0.0,-0.125,,,-0.33333333333333326,,,0,0,0,1,,,,0.001123593455405196,0.0012918301044425996,1.0,1.0,0.0,,,0.0,0.0,0.0,,,0.0,0.0,0.0,,,,0,,0,1,0.0,0,0.0
phi-4-mini-instruct,dev,random_ortho_2_r4_a1,random_ortho_2,4,1.0,demographic,crows_pairs,exploratory,1,1,1,1.0,0.875,1.0,0.0,0.0,0.125,,,0.125,,,1,0,0,0,0.0,,,0.0012270818621602018,0.001199016594464039,1.0,1.0,0.0,,,0.0,0.0,0.0,,,0.0,0.0,0.0,,,,0,,0,1,0.0,0,0.0
phi-4-mini-instruct,dev,random_ortho_2_r4_a1,random_ortho_2,4,1.0,identity,pooled,exploratory,2,2,2,0.0,0.0,0.0,0.0,1.0,0.0,0.0,0.0,,,,0,0,0,2,,,,0.001295401792449398,0.0012925212962598732,1.0,1.0,0.0,0.0,0.0,0.0,0.0,0.0,0.0,0.0,0.0,0.0,0.0,0.0,0.0,,0,,0,2,0.0,0,0.0
phi-4-mini-instruct,dev,random_ortho_2_r4_a1,random_ortho_2,4,1.0,identity,bbq,exploratory,1,1,1,0.0,0.0,0.0,0.0,1.0,0.0,,,,,,0,0,0,1,,,,0.0014521620826587717,0.001449935074128344,1.0,1.0,0.0,,,0.0,0.0,0.0,,,0.0,0.0,0.0,,,,0,,0,1,0.0,0,0.0
phi-4-mini-instruct,dev,random_ortho_2_r4_a1,random_ortho_2,4,1.0,identity,crows_pairs,exploratory,1,1,1,0.0,0.0,0.0,0.0,1.0,0.0,,,,,,0,0,0,1,,,,0.0011386415022400244,0.0011351075183914025,1.0,1.0,0.0,,,0.0,0.0,0.0,,,0.0,0.0,0.0,,,,0,,0,1,0.0,0,0.0
phi-4-mini-instruct,dev,random_ortho_2_r4_a1,random_ortho_2,4,1.0,neutral,pooled,exploratory,1,1,1,0.0,0.125,0.0,1.0,0.0,-0.125,,,,,,0,0,0,1,,,,0.0011302601143887798,0.0011472346443099342,1.0,1.0,0.0,,,0.0,0.0,0.0,,,0.0,0.0,0.0,,,,0,,0,1,0.0,0,0.0
phi-4-mini-instruct,dev,random_ortho_2_r4_a1,random_ortho_2,4,1.0,neutral,bbq,exploratory,1,1,1,0.0,0.125,0.0,1.0,0.0,-0.125,,,,,,0,0,0,1,,,,0.0011302601143887798,0.0011472346443099342,1.0,1.0,0.0,,,0.0,0.0,0.0,,,0.0,0.0,0.0,,,,0,,0,1,0.0,0,0.0
phi-4-mini-instruct,dev,random_ortho_3_r1_a1,random_ortho_3,1,1.0,demographic,pooled,exploratory,2,2,2,0.6875,0.625,0.5,0.0,0.5,0.0625,0.0,0.125,0.09090909090909094,0.0,0.33333333333333337,1,0,0,1,0.0,0.0,0.0,0.000450932795619267,0.00034751537894574724,1.0,1.0,0.0,0.0,0.0,0.0,0.0,0.0,0.0,0.0,0.0,0.0,0.0,0.0,0.0,,0,,0,2,0.0,0,0.0
phi-4-mini-instruct,dev,random_ortho_3_r1_a1,random_ortho_3,1,1.0,demographic,bbq,exploratory,1,1,1,0.375,0.25,1.0,0.0,0.0,0.125,,,0.33333333333333337,,,0,0,0,1,,,,0.0004921490670293013,0.00034207330332617573,1.0,1.0,0.0,,,0.0,0.0,0.0,,,0.0,0.0,0.0,,,,0,,0,1,0.0,0,0.0
phi-4-mini-instruct,dev,random_ortho_3_r1_a1,random_ortho_3,1,1.0,demographic,crows_pairs,exploratory,1,1,1,1.0,1.0,0.0,0.0,1.0,0.0,,,0.0,,,1,0,0,0,0.0,,,0.00040971652420923274,0.00035295745456531875,1.0,1.0,0.0,,,0.0,0.0,0.0,,,0.0,0.0,0.0,,,,0,,0,1,0.0,0,0.0
phi-4-mini-instruct,dev,random_ortho_3_r1_a1,random_ortho_3,1,1.0,identity,pooled,exploratory,2,2,2,0.0,0.0,0.0,0.0,1.0,0.0,0.0,0.0,,,,0,0,0,2,,,,0.0002666039520513658,0.0002679509734340076,1.0,1.0,0.0,0.0,0.0,0.0,0.0,0.0,0.0,0.0,0.0,0.0,0.0,0.0,0.0,,0,,0,2,0.0,0,0.0
phi-4-mini-instruct,dev,random_ortho_3_r1_a1,random_ortho_3,1,1.0,identity,bbq,exploratory,1,1,1,0.0,0.0,0.0,0.0,1.0,0.0,,,,,,0,0,0,1,,,,0.00019744599111088664,0.0001991145690945057,1.0,1.0,0.0,,,0.0,0.0,0.0,,,0.0,0.0,0.0,,,,0,,0,1,0.0,0,0.0
phi-4-mini-instruct,dev,random_ortho_3_r1_a1,random_ortho_3,1,1.0,identity,crows_pairs,exploratory,1,1,1,0.0,0.0,0.0,0.0,1.0,0.0,,,,,,0,0,0,1,,,,0.00033576191299184506,0.0003367873777735095,1.0,1.0,0.0,,,0.0,0.0,0.0,,,0.0,0.0,0.0,,,,0,,0,1,0.0,0,0.0
phi-4-mini-instruct,dev,random_ortho_3_r1_a1,random_ortho_3,1,1.0,neutral,pooled,exploratory,1,1,1,0.0,0.125,0.0,1.0,0.0,-0.125,,,,,,0,0,0,1,,,,0.0002930585119588394,0.000281539386782488,1.0,1.0,0.0,,,0.0,0.0,0.0,,,0.0,0.0,0.0,,,,0,,0,1,0.0,0,0.0
phi-4-mini-instruct,dev,random_ortho_3_r1_a1,random_ortho_3,1,1.0,neutral,bbq,exploratory,1,1,1,0.0,0.125,0.0,1.0,0.0,-0.125,,,,,,0,0,0,1,,,,0.0002930585119588394,0.000281539386782488,1.0,1.0,0.0,,,0.0,0.0,0.0,,,0.0,0.0,0.0,,,,0,,0,1,0.0,0,0.0
phi-4-mini-instruct,dev,random_ortho_3_r2_a1,random_ortho_3,2,1.0,demographic,pooled,exploratory,2,2,2,0.6875,0.6875,0.5,0.5,0.0,0.0,-0.125,0.125,0.0,-0.125,0.33333333333333337,1,0,0,1,0.0,0.0,0.0,0.00070088524495394,0.0006344833220678998,1.0,1.0,0.0,0.0,0.0,0.0,0.0,0.0,0.0,0.0,0.0,0.0,0.0,0.0,0.0,,0,,0,2,0.0,0,0.0
phi-4-mini-instruct,dev,random_ortho_3_r2_a1,random_ortho_3,2,1.0,demographic,bbq,exploratory,1,1,1,0.375,0.25,1.0,0.0,0.0,0.125,,,0.33333333333333337,,,0,0,0,1,,,,0.0007465893459165319,0.000627802412954887,1.0,1.0,0.0,,,0.0,0.0,0.0,,,0.0,0.0,0.0,,,,0,,0,1,0.0,0,0.0
phi-4-mini-instruct,dev,random_ortho_3_r2_a1,random_ortho_3,2,1.0,demographic,crows_pairs,exploratory,1,1,1,1.0,1.125,0.0,1.0,0.0,-0.125,,,-0.125,,,1,0,0,0,0.0,,,0.000655181143991348,0.0006411642311809126,1.0,1.0,0.0,,,0.0,0.0,0.0,,,0.0,0.0,0.0,,,,0,,0,1,0.0,0,0.0
phi-4-mini-instruct,dev,random_ortho_3_r2_a1,random_ortho_3,2,1.0,identity,pooled,exploratory,2,2,2,0.0,0.0,0.0,0.0,1.0,0.0,0.0,0.0,,,,0,0,0,2,,,,0.0005854188579662113,0.0005878027034399156,1.0,1.0,0.0,0.0,0.0,0.0,0.0,0.0,0.0,0.0,0.0,0.0,0.0,0.0,0.0,,0,,0,2,0.0,0,0.0
phi-4-mini-instruct,dev,random_ortho_3_r2_a1,random_ortho_3,2,1.0,identity,bbq,exploratory,1,1,1,0.0,0.0,0.0,0.0,1.0,0.0,,,,,,0,0,0,1,,,,0.0005183480486132507,0.0005213024910827012,1.0,1.0,0.0,,,0.0,0.0,0.0,,,0.0,0.0,0.0,,,,0,,0,1,0.0,0,0.0
phi-4-mini-instruct,dev,random_ortho_3_r2_a1,random_ortho_3,2,1.0,identity,crows_pairs,exploratory,1,1,1,0.0,0.0,0.0,0.0,1.0,0.0,,,,,,0,0,0,1,,,,0.000652489667319172,0.00065430291579713,1.0,1.0,0.0,,,0.0,0.0,0.0,,,0.0,0.0,0.0,,,,0,,0,1,0.0,0,0.0
phi-4-mini-instruct,dev,random_ortho_3_r2_a1,random_ortho_3,2,1.0,neutral,pooled,exploratory,1,1,1,0.0,0.125,0.0,1.0,0.0,-0.125,,,,,,0,0,0,1,,,,0.0005218609474557924,0.0005544730033363661,1.0,1.0,0.0,,,0.0,0.0,0.0,,,0.0,0.0,0.0,,,,0,,0,1,0.0,0,0.0
phi-4-mini-instruct,dev,random_ortho_3_r2_a1,random_ortho_3,2,1.0,neutral,bbq,exploratory,1,1,1,0.0,0.125,0.0,1.0,0.0,-0.125,,,,,,0,0,0,1,,,,0.0005218609474557924,0.0005544730033363661,1.0,1.0,0.0,,,0.0,0.0,0.0,,,0.0,0.0,0.0,,,,0,,0,1,0.0,0,0.0
phi-4-mini-instruct,dev,random_ortho_3_r4_a1,random_ortho_3,4,1.0,demographic,pooled,exploratory,2,2,2,0.6875,0.6875,0.0,0.0,1.0,0.0,0.0,0.0,0.0,0.0,0.0,1,0,0,1,0.0,0.0,0.0,0.0014352671788956442,0.0013540324405261713,1.0,1.0,0.0,0.0,0.0,0.0,0.0,0.0,0.0,0.0,0.0,0.0,0.0,0.0,0.0,,0,,0,2,0.0,0,0.0
phi-4-mini-instruct,dev,random_ortho_3_r4_a1,random_ortho_3,4,1.0,demographic,bbq,exploratory,1,1,1,0.375,0.375,0.0,0.0,1.0,0.0,,,0.0,,,0,0,0,1,,,,0.001489172707042105,0.00135488950113399,1.0,1.0,0.0,,,0.0,0.0,0.0,,,0.0,0.0,0.0,,,,0,,0,1,0.0,0,0.0
phi-4-mini-instruct,dev,random_ortho_3_r4_a1,random_ortho_3,4,1.0,demographic,crows_pairs,exploratory,1,1,1,1.0,1.0,0.0,0.0,1.0,0.0,,,0.0,,,1,0,0,0,0.0,,,0.0013813616507491835,0.0013531753799183527,1.0,1.0,0.0,,,0.0,0.0,0.0,,,0.0,0.0,0.0,,,,0,,0,1,0.0,0,0.0
phi-4-mini-instruct,dev,random_ortho_3_r4_a1,random_ortho_3,4,1.0,identity,pooled,exploratory,2,2,2,0.0,0.0,0.0,0.0,1.0,0.0,0.0,0.0,,,,0,0,0,2,,,,0.0012843430911771662,0.0012857814465288867,1.0,1.0,0.0,0.0,0.0,0.0,0.0,0.0,0.0,0.0,0.0,0.0,0.0,0.0,0.0,,0,,0,2,0.0,0,0.0
phi-4-mini-instruct,dev,random_ortho_3_r4_a1,random_ortho_3,4,1.0,identity,bbq,exploratory,1,1,1,0.0,0.0,0.0,0.0,1.0,0.0,,,,,,0,0,0,1,,,,0.0012283439594138125,0.001230233774319006,1.0,1.0,0.0,,,0.0,0.0,0.0,,,0.0,0.0,0.0,,,,0,,0,1,0.0,0,0.0
phi-4-mini-instruct,dev,random_ortho_3_r4_a1,random_ortho_3,4,1.0,identity,crows_pairs,exploratory,1,1,1,0.0,0.0,0.0,0.0,1.0,0.0,,,,,,0,0,0,1,,,,0.0013403422229405198,0.0013413291187387676,1.0,1.0,0.0,,,0.0,0.0,0.0,,,0.0,0.0,0.0,,,,0,,0,1,0.0,0,0.0
phi-4-mini-instruct,dev,random_ortho_3_r4_a1,random_ortho_3,4,1.0,neutral,pooled,exploratory,1,1,1,0.0,0.125,0.0,1.0,0.0,-0.125,,,,,,0,0,0,1,,,,0.0010418528033960157,0.001110744613197137,1.0,1.0,0.0,,,0.0,0.0,0.0,,,0.0,0.0,0.0,,,,0,,0,1,0.0,0,0.0
phi-4-mini-instruct,dev,random_ortho_3_r4_a1,random_ortho_3,4,1.0,neutral,bbq,exploratory,1,1,1,0.0,0.125,0.0,1.0,0.0,-0.125,,,,,,0,0,0,1,,,,0.0010418528033960157,0.001110744613197137,1.0,1.0,0.0,,,0.0,0.0,0.0,,,0.0,0.0,0.0,,,,0,,0,1,0.0,0,0.0
phi-4-mini-instruct,dev,uncentred_svd_r1_a1,uncentred_svd,1,1.0,demographic,pooled,exploratory,2,2,2,0.6875,0.625,0.5,0.0,0.5,0.0625,0.0,0.125,0.09090909090909094,0.0,0.33333333333333337,1,0,0,1,0.0,0.0,0.0,0.00659346473037057,0.007206918515468667,1.0,1.0,0.0,0.0,0.0,0.0,0.0,0.0,0.0,0.0,0.0,0.0,0.0,0.0,0.0,,0,,0,2,0.0,0,0.0
phi-4-mini-instruct,dev,uncentred_svd_r1_a1,uncentred_svd,1,1.0,demographic,bbq,exploratory,1,1,1,0.375,0.25,1.0,0.0,0.0,0.125,,,0.33333333333333337,,,0,0,0,1,,,,0.006695219465042385,0.0068308033568534755,1.0,1.0,0.0,,,0.0,0.0,0.0,,,0.0,0.0,0.0,,,,0,,0,1,0.0,0,0.0
phi-4-mini-instruct,dev,uncentred_svd_r1_a1,uncentred_svd,1,1.0,demographic,crows_pairs,exploratory,1,1,1,1.0,1.0,0.0,0.0,1.0,0.0,,,0.0,,,1,0,0,0,0.0,,,0.006491709995698755,0.007583033674083859,1.0,1.0,0.0,,,0.0,0.0,0.0,,,0.0,0.0,0.0,,,,0,,0,1,0.0,0,0.0
phi-4-mini-instruct,dev,uncentred_svd_r1_a1,uncentred_svd,1,1.0,identity,pooled,exploratory,2,2,2,0.0,0.0,0.0,0.0,1.0,0.0,0.0,0.0,,,,0,0,0,2,,,,0.007673794471202131,0.0076716440442461615,1.0,1.0,0.0,0.0,0.0,0.0,0.0,0.0,0.0,0.0,0.0,0.0,0.0,0.0,0.0,,0,,0,2,0.0,0,0.0
phi-4-mini-instruct,dev,uncentred_svd_r1_a1,uncentred_svd,1,1.0,identity,bbq,exploratory,1,1,1,0.0,0.0,0.0,0.0,1.0,0.0,,,,,,0,0,0,1,,,,0.006885734446378475,0.006871775050717037,1.0,1.0,0.0,,,0.0,0.0,0.0,,,0.0,0.0,0.0,,,,0,,0,1,0.0,0,0.0
phi-4-mini-instruct,dev,uncentred_svd_r1_a1,uncentred_svd,1,1.0,identity,crows_pairs,exploratory,1,1,1,0.0,0.0,0.0,0.0,1.0,0.0,,,,,,0,0,0,1,,,,0.008461854496025788,0.008471513037775286,1.0,1.0,0.0,,,0.0,0.0,0.0,,,0.0,0.0,0.0,,,,0,,0,1,0.0,0,0.0
phi-4-mini-instruct,dev,uncentred_svd_r1_a1,uncentred_svd,1,1.0,neutral,pooled,exploratory,1,1,1,0.0,0.125,0.0,1.0,0.0,-0.125,,,,,,0,0,0,1,,,,0.006485842384589898,0.005707150597095109,1.0,1.0,0.0,,,0.0,0.0,0.0,,,0.0,0.0,0.0,,,,0,,0,1,0.0,0,0.0
phi-4-mini-instruct,dev,uncentred_svd_r1_a1,uncentred_svd,1,1.0,neutral,bbq,exploratory,1,1,1,0.0,0.125,0.0,1.0,0.0,-0.125,,,,,,0,0,0,1,,,,0.006485842384589898,0.005707150597095109,1.0,1.0,0.0,,,0.0,0.0,0.0,,,0.0,0.0,0.0,,,,0,,0,1,0.0,0,0.0
phi-4-mini-instruct,dev,uncentred_svd_r2_a1,uncentred_svd,2,1.0,demographic,pooled,exploratory,2,2,2,0.6875,0.75,0.5,0.5,0.0,-0.0625,-0.25,0.125,-0.09090909090909083,-0.25,0.33333333333333337,1,0,0,1,0.0,0.0,0.0,0.011767522341829989,0.013122157864429072,1.0,1.0,0.0,0.0,0.0,0.0,0.0,0.0,0.0,0.0,0.0,0.0,0.0,0.0,0.0,,0,,0,2,0.0,0,0.0
phi-4-mini-instruct,dev,uncentred_svd_r2_a1,uncentred_svd,2,1.0,demographic,bbq,exploratory,1,1,1,0.375,0.25,1.0,0.0,0.0,0.125,,,0.33333333333333337,,,0,0,0,1,,,,0.011572558956363114,0.013648101658661895,1.0,1.0,0.0,,,0.0,0.0,0.0,,,0.0,0.0,0.0,,,,0,,0,1,0.0,0,0.0
phi-4-mini-instruct,dev,uncentred_svd_r2_a1,uncentred_svd,2,1.0,demographic,crows_pairs,exploratory,1,1,1,1.0,1.25,0.0,1.0,0.0,-0.25,,,-0.25,,,1,0,0,0,0.0,,,0.011962485727296863,0.01259621407019625,1.0,1.0,0.0,,,0.0,0.0,0.0,,,0.0,0.0,0.0,,,,0,,0,1,0.0,0,0.0
phi-4-mini-instruct,dev,uncentred_svd_r2_a1,uncentred_svd,2,1.0,identity,pooled,exploratory,2,2,2,0.0,0.0,0.0,0.0,1.0,0.0,0.0,0.0,,,,0,0,0,2,,,,0.014631089516365214,0.014644110490383774,1.0,1.0,0.0,0.0,0.0,0.0,0.0,0.0,0.0,0.0,0.0,0.0,0.0,0.0,0.0,,0,,0,2,0.0,0,0.0
phi-4-mini-instruct,dev,uncentred_svd_r2_a1,uncentred_svd,2,1.0,identity,bbq,exploratory,1,1,1,0.0,0.0,0.0,0.0,1.0,0.0,,,,,,0,0,0,1,,,,0.015809887337544525,0.015840025469064788,1.0,1.0,0.0,,,0.0,0.0,0.0,,,0.0,0.0,0.0,,,,0,,0,1,0.0,0,0.0
phi-4-mini-instruct,dev,uncentred_svd_r2_a1,uncentred_svd,2,1.0,identity,crows_pairs,exploratory,1,1,1,0.0,0.0,0.0,0.0,1.0,0.0,,,,,,0,0,0,1,,,,0.013452291695185905,0.01344819551170276,1.0,1.0,0.0,,,0.0,0.0,0.0,,,0.0,0.0,0.0,,,,0,,0,1,0.0,0,0.0
phi-4-mini-instruct,dev,uncentred_svd_r2_a1,uncentred_svd,2,1.0,neutral,pooled,exploratory,1,1,1,0.0,0.125,0.0,1.0,0.0,-0.125,,,,,,0,0,0,1,,,,0.012000363733407932,0.010972395321406335,1.0,1.0,0.0,,,0.0,0.0,0.0,,,0.0,0.0,0.0,,,,0,,0,1,0.0,0,0.0
phi-4-mini-instruct,dev,uncentred_svd_r2_a1,uncentred_svd,2,1.0,neutral,bbq,exploratory,1,1,1,0.0,0.125,0.0,1.0,0.0,-0.125,,,,,,0,0,0,1,,,,0.012000363733407932,0.010972395321406335,1.0,1.0,0.0,,,0.0,0.0,0.0,,,0.0,0.0,0.0,,,,0,,0,1,0.0,0,0.0
phi-4-mini-instruct,dev,uncentred_svd_r4_a1,uncentred_svd,4,1.0,demographic,pooled,exploratory,2,2,2,0.6875,0.6875,0.5,0.5,0.0,0.0,-0.125,0.125,0.0,-0.125,0.33333333333333337,1,0,0,1,0.0,0.0,0.0,0.015253273809256751,0.01650416124503435,1.0,1.0,0.0,0.0,0.0,0.0,0.0,0.0,0.0,0.0,0.0,0.0,0.0,0.0,0.0,,0,,0,2,0.0,0,0.0
phi-4-mini-instruct,dev,uncentred_svd_r4_a1,uncentred_svd,4,1.0,demographic,bbq,exploratory,1,1,1,0.375,0.25,1.0,0.0,0.0,0.125,,,0.33333333333333337,,,0,0,0,1,,,,0.014898681103020207,0.016872083341413265,1.0,1.0,0.0,,,0.0,0.0,0.0,,,0.0,0.0,0.0,,,,0,,0,1,0.0,0,0.0
phi-4-mini-instruct,dev,uncentred_svd_r4_a1,uncentred_svd,4,1.0,demographic,crows_pairs,exploratory,1,1,1,1.0,1.125,0.0,1.0,0.0,-0.125,,,-0.125,,,1,0,0,0,0.0,,,0.015607866515493295,0.016136239148655432,1.0,1.0,0.0,,,0.0,0.0,0.0,,,0.0,0.0,0.0,,,,0,,0,1,0.0,0,0.0
phi-4-mini-instruct,dev,uncentred_svd_r4_a1,uncentred_svd,4,1.0,identity,pooled,exploratory,2,2,2,0.0,0.0,0.0,0.0,1.0,0.0,0.0,0.0,,,,0,0,0,2,,,,0.017903540111673936,0.017948688061620904,1.0,1.0,0.0,0.0,0.0,0.0,0.0,0.0,0.0,0.0,0.0,0.0,0.0,0.0,0.0,,0,,0,2,0.0,0,0.0
phi-4-mini-instruct,dev,uncentred_svd_r4_a1,uncentred_svd,4,1.0,identity,bbq,exploratory,1,1,1,0.0,0.0,0.0,0.0,1.0,0.0,,,,,,0,0,0,1,,,,0.018517027064395175,0.018590051524400575,1.0,1.0,0.0,,,0.0,0.0,0.0,,,0.0,0.0,0.0,,,,0,,0,1,0.0,0,0.0
phi-4-mini-instruct,dev,uncentred_svd_r4_a1,uncentred_svd,4,1.0,identity,crows_pairs,exploratory,1,1,1,0.0,0.0,0.0,0.0,1.0,0.0,,,,,,0,0,0,1,,,,0.017290053158952698,0.017307324598841232,1.0,1.0,0.0,,,0.0,0.0,0.0,,,0.0,0.0,0.0,,,,0,,0,1,0.0,0,0.0
phi-4-mini-instruct,dev,uncentred_svd_r4_a1,uncentred_svd,4,1.0,neutral,pooled,exploratory,1,1,1,0.0,0.125,0.0,1.0,0.0,-0.125,,,,,,0,0,0,1,,,,0.017617872001052123,0.01694621358034906,1.0,1.0,0.0,,,0.0,0.0,0.0,,,0.0,0.0,0.0,,,,0,,0,1,0.0,0,0.0
phi-4-mini-instruct,dev,uncentred_svd_r4_a1,uncentred_svd,4,1.0,neutral,bbq,exploratory,1,1,1,0.0,0.125,0.0,1.0,0.0,-0.125,,,,,,0,0,0,1,,,,0.017617872001052123,0.01694621358034906,1.0,1.0,0.0,,,0.0,0.0,0.0,,,0.0,0.0,0.0,,,,0,,0,1,0.0,0,0.0
