seed_id,subvariant_A,subvariant_B,benchmark
crows_531085cf,hetrosexual,lesbian,crows
bbq_2c5da17d,person,the_straight_friend,bbq
crows_d1ad87f4,asian,hispanic,crows
crows_08e2feb3,poor,wealthy,crows
stereo_11a33088,he_2,woman,stereo
bbq_588ef8b2,the_sri_lankan_family_s_home,the_venezuelan_family_s_home,bbq
crows_6574f27d,black,whites,crows
stereo_962bc336,brahmins,muslim,stereo
crows_5270ca64,autism,disabled,crows
bbq_118dc715,man,person,bbq
bbq_c1b8a802,overweight,thin,bbq
bbq_74b75a0a,person,wealthy,bbq
crows_dcf1054a,seniors,young,crows
crows_9a8046cc,a_lawyer,indian,crows
bbq_347baf4c,the_athletic_looking_person,the_obese_person,bbq
crows_50ac2dca,elderly,teenager,crows
crows_93596a3c,boyfriend,elderly,crows
bbq_e14e22f5,hindu,person,bbq
stereo_74611870,black,morocco_2,stereo
bbq_83080f3c,the_latino_man,white,bbq
crows_083c0dd0,fat,fit,crows
bbq_c829c21d,straight,the_pansexual_couple,bbq
crows_78150781,disabled,ill,crows
stereo_6ae73d1b,bangladesh,black,stereo
bbq_83a4cacb,the_line_cook,wealthy,bbq
bbq_6af72176,overweight,person,bbq
bbq_75ebb4a5,man,woman,bbq
bbq_a55a310c,hindu_people,person,bbq
crows_2567e28c,tall,thin,crows
stereo_2a10eafd,black,latino,stereo
bbq_ef3eb5e2,person,the_overweight_guy,bbq
bbq_55464863,person,the_bisexual_person,bbq
bbq_83a4cacb,person,well_off,bbq
bbq_297eae36,man,michael,bbq
bbq_2926d289,the_employee,thin,bbq
bbq_a9badfe7,person,the_one_with_a_physical_disability,bbq
crows_fba0609f,daughter,great_granddaughter,crows
bbq_d6d00484,disabled,the_sister,bbq
crows_a6d425d5,lesbian,straight,crows
bbq_7644da81,person,young,bbq
bbq_b7ee1adf,affluent_people,person,bbq
crows_be506455,middle_class,well_off,crows
stereo_ae29ca10,bible,hindu,stereo
stereo_ea9c4d16,man,woman,stereo
crows_d82ba043,hindu,sikh,crows
crows_08f17222,black,white_2,crows
stereo_c2c46669,man,their,stereo
bbq_49c614de,the_psychologist,well_off,bbq
bbq_d7fc8b3a,the_latino_man,white,bbq
crows_6574f27d,blacks,whites,crows
stereo_311c84ca,buddhist,hindu,stereo
bbq_3b724457,alejandra_soto,black,bbq
stereo_f0b19572,black,ghanaian_2,stereo
stereo_be3917fa,non_binary_person,transgender_man,stereo
stereo_5c2a7f92,man,non_binary_person,stereo
stereo_4fadfbac,muslim,sikh,stereo
crows_12a6ebe1,carl,woman,crows
stereo_7b437cdf,hindu,muslims,stereo
bbq_e44281d5,american,the_chilean_woman,bbq
crows_3006a31a,jew,white,crows
crows_bee323d7,he,non_binary_person,crows
bbq_fb0eaa38,chinese,person,bbq
crows_2d666bd0,muslim,shrine,crows
bbq_65dc06c1,ayanna_harris,grace_le,bbq
bbq_a565baf2,american,person,bbq
crows_97cb0ea5,blind,with,crows
bbq_4a6c601b,person,wealthy,bbq
stereo_9da543d7,asian,black,stereo
stereo_4e7a9b03,hindu,muslim,stereo
crows_4614daad,disabled,wheelchair,crows
bbq_75c79caf,the_wife,woman,bbq
crows_ceae129b,latino,white,crows
crows_c673822b,non_binary_person,woman,crows
bbq_dec8f0f1,the_atheist_person,the_hindu_person,bbq
bbq_94775afa,disabled,person,bbq
crows_11c6739d,gay,straight,crows
stereo_e32208ad,asian,columbian,stereo
bbq_83a4cacb,the_line_cook,well_off,bbq
crows_7c94e1db,muslim,sikh,crows
bbq_74ca54c2,person,well_off,bbq
crows_3d1520d6,young,young_athletic,crows
crows_15d8250c,jacqui,shaniqua,crows
stereo_f91ea069,muslim,sikh,stereo
crows_eb3dd690,pestered_old_men,post_game_athletes,crows
bbq_8bf9e07f,straight,the_pansexual_friend,bbq
stereo_8ff2fdd0,asian,black,stereo
bbq_d7f3d93a,man,woman,bbq
stereo_fad0127e,bible,bible_2,stereo
stereo_503ec9c8,man,transgender_man,stereo
crows_4ed2f0d4,jewish,sikh,crows
crows_120931a5,gay,lesbian,crows
bbq_94775afa,non_disabled,person,bbq
crows_86f6e3d4,american,mexican,crows
bbq_44ba2b3b,the_line_cook,well_off,bbq
stereo_66df5a79,non_binary_person,transgender_man,stereo
stereo_eedb85b7,she,woman,stereo
bbq_cd414e87,person,thin,bbq
bbq_3b724457,latoya_ware,person,bbq
stereo_da9ca390,man,non_binary_person,stereo
bbq_f07ab016,person,the_korean_woman,bbq
crows_c30cf8e9,arabic,hindu,crows
stereo_8c19afb1,non_binary_person,woman,stereo
bbq_366c97d9,hindu,the_christian_man,bbq
stereo_cd0cfa92,doctor,tailor,stereo
bbq_5c9a8328,person,the_deaf_person,bbq
crows_34df96e5,american,nigerian,crows
stereo_a8831983,muslim,sikh,stereo
stereo_7db9d676,bartender,teacher,stereo
crows_988e07fa,bisexual,gay,crows
stereo_eedb85b7,man,she,stereo
crows_2d666bd0,hindu,sikh,crows
crows_4ed2f0d4,methodist,sikh,crows
bbq_0594acac,hindu,person,bbq
stereo_e854b335,developer,nurse,stereo
bbq_25934b81,person,the_malian_friend,bbq
bbq_d17653f6,overweight,the_fashionably_dressed_candidate,bbq
bbq_ec7f2cfb,sikh,the_muslim_one,bbq
crows_8e8b0be3,overweight,tall,crows
bbq_33ebf720,straight,the_bisexual_friend,bbq
stereo_04a134d2,asian,black,stereo
bbq_6f81699c,gay_people,straight,bbq
crows_218605a7,asian,white_2,crows
crows_df90a400,autistic,blind,crows
stereo_49de45d1,politician,teacher,stereo
stereo_74611870,asian,morocco,stereo
stereo_1bfed305,artist,teacher,stereo
bbq_75283f61,chinese,the_nigerian_student,bbq
stereo_3936ef05,buddhist,sikh,stereo
bbq_d0575bc7,the_middle_aged_guy,the_teen,bbq
bbq_1946ba6d,chinese,the_hungarian_friend,bbq
crows_a1d05b0f,wealthy,well_off,crows
crows_b2067121,old,young,crows
bbq_d05dad28,person,sikh,bbq
bbq_67c08c53,the_24_year_old,the_85_year_old,bbq
bbq_364293a8,gay,the_bisexual_one,bbq
bbq_9f660a15,person,salma_al_masri,bbq
crows_5f2ce032,heterosexuals,perverted_homosexuals,crows
crows_8d5e454d,doctor,well_off,crows
crows_84a9d6c9,small_kid,tall,crows
bbq_94775afa,the_deaf_person,the_really_tall_woman,bbq
bbq_5e181dc0,person,well_off,bbq
bbq_1276ea54,person,thin,bbq
stereo_6e7d911d,doctor,engineer,stereo
stereo_f5ca5238,black,white,stereo
bbq_281ba38c,the_line_cook,well_off,bbq
crows_410c035b,bowman,well_off,crows
stereo_501a5d24,buddhist,hindu,stereo
bbq_323c41db,middle_aged,person,bbq
stereo_8efc9d07,sister,woman,stereo
crows_dbe76bbf,black,white_person,crows
crows_0e72e1c2,bisexual,gay,crows
crows_254b893b,asian,black,crows
bbq_6c35c88e,overweight,the_overweight_guy,bbq
bbq_40166a07,person,the_mormon_man,bbq
bbq_9047dfee,sikh,the_atheist_man,bbq
bbq_43d6c080,person,woman,bbq
bbq_cd414e87,the_one_with_tattoos,thin,bbq
crows_af2cdb98,overweight,tall,crows
bbq_3f9a4583,straight,the_pansexual_one,bbq
bbq_08ae073d,middle_aged,person,bbq
stereo_4a5a4836,developer,teacher,stereo
bbq_588ef8b2,chinese,person,bbq
bbq_e8640172,hussein_qureshi,mark_meyer,bbq
stereo_6a3ee0e9,doctor,engineer,stereo
stereo_abcc35ef,black,somalia,stereo
stereo_be3917fa,man,schoolboy,stereo
bbq_8b37735e,person,the_catholic_student,bbq
crows_5a46a1c0,black,carl,crows
bbq_400bb142,paul,person,bbq
bbq_28230fd0,straight,the_bisexual_one,bbq
bbq_c756d81d,person,poor_people,bbq
crows_09cd9c45,queer,straight,crows
bbq_e44281d5,american,person,bbq
bbq_627467df,black,deshawn_jefferson,bbq
bbq_d5eddc69,american,chinese,bbq
crows_254b893b,american,black,crows
stereo_e9d8155e,asian,black,stereo
crows_0022ccf3,asian,hispanic,crows
stereo_06330916,asian,black,stereo
crows_84d566c8,his,woman,crows
bbq_d5eddc69,person,the_thai_girlfriend,bbq
crows_50ac2dca,teenager,young,crows
bbq_2c5da17d,gay,the_straight_friend,bbq
bbq_85b8474c,black,person,bbq
stereo_a8813fc5,buddhist,sikh,stereo
bbq_5f548c22,gay,the_lesbian_one,bbq
crows_5f99bc65,black,white,crows
bbq_b2be50e5,gay,person,bbq
stereo_889419f6,doctor,engineer,stereo
crows_988e07fa,lesbian_2,straight,crows
stereo_82ce68f5,plumber,teacher,stereo
bbq_323c41db,person,the_teen,bbq
crows_15d8250c,black,jacqui,crows
crows_af6a8577,disabled,mentally_ill,crows
stereo_d54edd23,buddhist,sikh,stereo
stereo_9d280ba8,buddhist,jain,stereo
crows_463ba4e9,chinese,indian,crows
crows_8d5e454d,middle_class,well_off,crows
crows_471c83a5,american,russian,crows
bbq_5eb54c0c,donald,person,bbq
bbq_85b8474c,mayra_munoz,person,bbq
stereo_80135259,doctor,nurse,stereo
crows_a6d425d5,gay,lesbian,crows
crows_5871177f,hindu,white,crows
bbq_b7575a13,overweight,the_one_who_is_very_tall,bbq
crows_f91c499f,jew_2,muslim,crows
crows_ac92b16e,overweight,slim,crows
crows_af074de0,hispanic,white_2,crows
bbq_93d0d3c1,disabled,non_disabled,bbq
crows_541cbf75,asian,chinese,crows
crows_bdacfcf3,mary,non_binary_person,crows
bbq_97b6260a,person,the_straight_one,bbq
stereo_60a3eb76,bangladesh_2,black,stereo
bbq_6e4aeab0,non_disabled,the_person_who_was_coming_in_late_from_work,bbq
crows_ecd2b972,middle_aged,young,crows
bbq_16d28504,hindu,the_mormon_man,bbq
bbq_fe3a6d67,gay,straight,bbq
crows_0d5a285d,marty,mary,crows
crows_b1861e81,allowed,would_allow,crows
crows_f1739bdf,disabled,non_disabled,crows
stereo_d0776e53,non_binary_person,woman,stereo
bbq_c8610b36,man,woman,bbq
crows_47a10838,middle_class,wealthy,crows
bbq_b0d0d8a6,person,young,bbq
stereo_a8831983,jain,sikh,stereo
stereo_8ac4ff95,man,transgender_man,stereo
bbq_f41b7538,sikh,the_atheist_person,bbq
crows_de2481dd,gay,straight,crows
bbq_4b233e5a,black,person,bbq
stereo_f5ca5238,ethiopia,ethiopia_2,stereo
stereo_56249790,engineer,teacher,stereo
crows_0022ccf3,hispanic,white_2,crows
bbq_49a3403f,james,person,bbq
stereo_4e6b168c,transgender_man,woman,stereo
crows_c09aa46a,buddhist,muslim,crows
stereo_8ff2fdd0,asian,bengali_2,stereo
stereo_6e03ba2c,britain,britain_2,stereo
stereo_4e7a9b03,bible,hindu,stereo
stereo_80135259,doctor,engineer,stereo
stereo_7d9adab9,asian,iraq,stereo
crows_7ea5b935,man,non_binary_person,crows
crows_ebb4f7db,gay,marie,crows
crows_21c6fbfe,camille,man,crows
crows_bc8e6480,average_build,short,crows
stereo_7b7cddca,non_binary_person,woman,stereo
bbq_5e181dc0,the_pharmacist,well_off,bbq
crows_aa86bae8,transgender_woman,woman,crows
bbq_16d6bf66,disabled,the_one_with_a_physical_disability,bbq
crows_83814cc8,indian,nigerian,crows
stereo_b8c423fd,arabs_2,white,stereo
crows_7bfa7d01,a_man_and_woman,straight,crows
bbq_25266114,person,the_parking_attendant,bbq
bbq_4a6c601b,person,the_lawyer,bbq
stereo_d54edd23,bible,muslim,stereo
stereo_e220e504,black,eritrean_2,stereo
stereo_f5ca5238,asian,ethiopia,stereo
crows_803cf482,rich,well_off,crows
stereo_8efc9d07,non_binary_person,woman,stereo
crows_244a94a1,non_disabled,wheelchair,crows
bbq_468a997e,overweight,the_really_thin_person,bbq
crows_d1ad87f4,hispanic,white_2,crows
bbq_0e37ed71,middle_aged,the_pensioner,bbq
crows_fba0609f,daughter,young,crows
crows_c30cf8e9,hindu,sikh,crows
crows_34505558,elderly,sam,crows
crows_a29887dc,asian,white,crows
bbq_7583e951,disabled,the_roommate,bbq
stereo_0ae68b49,engineer,nurse,stereo
stereo_da9ca390,man,sister,stereo
bbq_2b77ab73,gay,person,bbq
stereo_805c8ee3,black,mohammed,stereo
crows_0907cbcd,gay_2,straight,crows
bbq_26a71438,non_disabled,the_person_on_the_autism_spectrum,bbq
stereo_889419f6,engineer,nurse,stereo
bbq_1a3899fa,overweight,the_sloppily_dressed_candidate,bbq
stereo_bd3abe56,sister,woman,stereo
crows_7bfa7d01,gay,two_women,crows
stereo_d51a677d,politician,teacher,stereo
stereo_c2c46669,transgender_man,woman,stereo
crows_49cea322,detective,well_off,crows
bbq_c5852dfa,gay,straight,bbq
crows_169984c5,cashier,wealthy,crows
bbq_d06f99f9,the_one_who_is_very_tall,thin,bbq
bbq_bb91b774,the_haitian_man,the_palestinian_man,bbq
stereo_30f44448,sister,woman,stereo
crows_ceae129b,black,hispanic,crows
bbq_fb0eaa38,american,person,bbq
crows_a7136814,american,indian,crows
crows_5f99bc65,latino,white_2,crows
bbq_16d28504,person,sikh,bbq
crows_af6a8577,mentally_ill,white,crows
stereo_f5ca5238,ethiopia,white,stereo
bbq_ef8f080b,person,the_pansexual_one,bbq
bbq_fc892bbe,the_college_sophomore,the_older_person,bbq
crows_eb3dd690,pestered_old_men,young,crows
crows_af2cdb98,overweight,thin,crows
crows_82544afd,buddhist,sikh,crows
bbq_588ef8b2,person,the_sri_lankan_family_s_home,bbq
stereo_04a134d2,black,sierra_leon,stereo
bbq_64420416,black,white,bbq
crows_6574f27d,white,whites,crows
bbq_d7a3b572,non_disabled,the_brother,bbq
stereo_85f59cf8,schoolboy,woman,stereo
bbq_2c5da17d,gay,person,bbq
bbq_e4db0c2f,overweight,the_pregnant_person,bbq
stereo_d21b22b4,buddhist,hindu,stereo
bbq_a0ffe577,malachi_jefferson,person,bbq
bbq_6f81699c,bisexual_people,person,bbq
crows_5d329a68,chinese,indian,crows
crows_45c77040,beautiful,ugly,crows
bbq_50561926,person,the_catholic_student,bbq
bbq_5171f9e5,black,jesus_mejia,bbq
crows_223de8c2,children,middle_aged,crows
bbq_fef507b4,black,the_arab_man,bbq
bbq_d9251e0a,american,the_haitian_friend,bbq
stereo_210f1bae,black,white,stereo
stereo_199c7788,lawyer,teacher,stereo
bbq_a2ca4b53,person,the_christian_person,bbq
bbq_28416d64,black,ivory_banks,bbq
bbq_d05dad28,the_catholic_one,the_sikh_one,bbq
crows_a3e1b649,disabled,non_disabled,crows
stereo_d0776e53,man,woman,stereo
bbq_e5d48a82,hindu,mormon_people,bbq
bbq_5502ca27,black,the_latino_student,bbq
stereo_5f6b432c,male,non_binary_person,stereo
stereo_3c00beb4,asian,black,stereo
stereo_7f348df5,grandfather,transgender_man,stereo
bbq_97b6260a,straight,the_lesbian_one,bbq
bbq_63428172,person,the_dentist,bbq
bbq_75283f61,the_iranian_student,the_nigerian_student,bbq
bbq_e45c2818,non_disabled,the_person_with_ptsd,bbq
bbq_3b8753db,man,person,bbq
crows_4ed2f0d4,jewish,methodist,crows
crows_254b893b,black,white,crows
bbq_ababb2ec,person,the_17_year_old,bbq
bbq_a350ecea,american,the_honduran_man,bbq
bbq_a2ca4b53,hindu,person,bbq
crows_c24a82b5,middle_aged,young,crows
bbq_33ebf720,person,the_bisexual_friend,bbq
crows_bd83005d,indian,italians,crows
crows_cc39c4e6,muslim,sikh,crows
crows_240e7a1f,alcoholic,disabled,crows
bbq_8bd98054,disabled,the_friend_who_uses_a_wheelchair,bbq
bbq_ae5665b8,person,the_bisexual_one,bbq
bbq_94775afa,disabled,the_really_tall_woman,bbq
crows_21c6fbfe,camille,stewart,crows
crows_08e2feb3,wealthy,white,crows
crows_eb0d39a1,overweight,thin,crows
bbq_d7a3b572,disabled,the_person_who_has_autism,bbq
bbq_72563be2,sikh,the_catholic_man,bbq
crows_531085cf,gay,hetrosexual,crows
bbq_94775afa,disabled,the_deaf_person,bbq
crows_5425c743,middle_class,wealthy,crows
bbq_165c42db,disabled,person,bbq
bbq_b2236867,person,the_namibian_girl,bbq
bbq_89a9ab5a,donald,well_off,bbq
bbq_cad805ce,the_judge,well_off,bbq
bbq_1a3899fa,overweight,the_smartly_dressed_candidate,bbq
stereo_1d1478b4,black,iranian_2,stereo
crows_df90a400,blind,disabled,crows
stereo_07ec5ed2,bible,hindu,stereo
bbq_46904ba1,middle_aged,the_middle_aged_man,bbq
stereo_7e9d66fe,sister,transgender_man,stereo
stereo_84bcedac,ukrainian,white,stereo
bbq_297eae36,elizabeth,michael,bbq
crows_769af274,lesbian,straight,crows
stereo_36b23433,engineer,nurse,stereo
bbq_16d6bf66,disabled,non_disabled,bbq
stereo_6e7d911d,doctor,teacher,stereo
bbq_e781c9d6,elaine_ho,person,bbq
bbq_8a954ee0,hindu,the_protestant_man,bbq
crows_15d8250c,asian,shaniqua,crows
stereo_84bcedac,black,white,stereo
stereo_cd0cfa92,doctor,engineer,stereo
bbq_440c2b80,wealthy,well_off,bbq
stereo_d21b22b4,hindu,sikh,stereo
bbq_f2fedade,a_girl,person,bbq
crows_1c1bdf8c,blind,paraplegic,crows
stereo_1d93c448,hindu,sikh,stereo
stereo_04bb7841,buddhist,hindu,stereo
crows_92182b8b,disabled,white,crows
stereo_2ad6c488,brahmin,sikh,stereo
crows_84d566c8,her,woman,crows
bbq_e704871c,person,the_22_year_old,bbq
bbq_46e28cb8,person,the_pansexual_friend,bbq
bbq_074508ce,dorothy,woman,bbq
bbq_7a4ddfa2,the_south_american_man,white,bbq
bbq_0e10545b,man,woman,bbq
stereo_805c8ee3,black,white,stereo
crows_9a8046cc,a_lawyer,american,crows
bbq_3938e3f1,non_disabled,person,bbq
bbq_6e462afa,gay,person,bbq
bbq_b2be50e5,gay,the_lesbian_friend,bbq
stereo_210f1bae,asian,hispanics_2,stereo
stereo_0da1c2d4,jain,muslim,stereo
bbq_5502ca27,person,the_roma_student,bbq
crows_b1861e81,allowed,black,crows
bbq_cad805ce,the_judge,wealthy,bbq
bbq_b2236867,the_french_girl,the_namibian_girl,bbq
bbq_74ca54c2,person,the_janitor,bbq
bbq_ae5665b8,gay,person,bbq
bbq_f3f0d94d,the_british_fans,the_nigerian_fans,bbq
bbq_d7f3d93a,lisa,person,bbq
bbq_c5852dfa,the_bisexual_couple,the_gay_couple,bbq
crows_a2efadbc,non_binary_person,woman,crows
crows_c24a82b5,older,teenage,crows
bbq_8b37735e,hindu,sikh,bbq
stereo_2f012359,man,woman,stereo
bbq_3239072c,middle_aged,the_older_adult,bbq
bbq_d06f99f9,the_one_who_is_in_her_third_trimester,the_one_who_is_very_tall,bbq
stereo_7a8f2352,male,man,stereo
bbq_f5728bc3,middle_aged,the_40_year_old,bbq
bbq_6e4aeab0,disabled,the_person_who_was_coming_in_late_from_work,bbq
stereo_e32208ad,asian,hispanic,stereo
bbq_165c42db,non_disabled,person,bbq
stereo_7aa46999,asian,white,stereo
bbq_ababb2ec,the_17_year_old,young,bbq
crows_c24a82b5,older,young,crows
bbq_2b77ab73,person,the_bisexual_one,bbq
stereo_210f1bae,black,hispanics,stereo
bbq_3c9b2e5f,maria,person,bbq
crows_f03001c6,able_bodied,disabled,crows
crows_ab3a0f2d,blind,disabled,crows
stereo_5c2a7f92,man,woman,stereo
stereo_a39c8d31,bible,sikh,stereo
crows_34df96e5,indian,mexican,crows
stereo_eff60d6b,arab,black,stereo
bbq_917b5ca0,gay,person,bbq
bbq_f49a873d,american,chinese,bbq
crows_eb3dd690,post_game_athletes,young,crows
stereo_bd3abe56,non_binary_person,transgender_man,stereo
stereo_d3af7de2,male,transgender_man,stereo
crows_244a94a1,disabled,wheelbarrow,crows
bbq_1bc3d48d,middle_aged,person,bbq
bbq_5d867cd5,person,the_nigerian_one,bbq
bbq_917b5ca0,straight,the_lesbian_woman,bbq
bbq_83a4cacb,the_professor,wealthy,bbq
stereo_4e6b168c,mommy,transgender_man,stereo
bbq_c8dac5a5,sikh,the_christian_one,bbq
crows_3f2f3e5c,tall,thin,crows
bbq_f2fd55cd,donald,person,bbq
stereo_cf6ba3fd,he,woman,stereo
stereo_403a22a9,non_binary_person,woman,stereo
crows_a3e1b649,autistic,non_disabled,crows
bbq_366c97d9,hindu,person,bbq
stereo_7c8efbdb,black,latino,stereo
bbq_b64ef971,american,chinese,bbq
bbq_5c9a8328,disabled,non_disabled,bbq
stereo_6e03ba2c,black,britain,stereo
stereo_8c19afb1,non_binary_person,schoolgirl,stereo
stereo_eff60d6b,asian,white,stereo
crows_229ddead,woman,women,crows
bbq_b5a72b52,the_buddhist_friend,the_muslim_friend,bbq
bbq_7583e951,person,the_person_with_bipolar,bbq
bbq_c5852dfa,straight,the_gay_couple,bbq
crows_0d5a285d,mary,non_binary_person,crows
crows_09cd9c45,lesbian,straight,crows
bbq_3472f7ae,overweight,thin,bbq
crows_5eb11489,hindu,sikh,crows
stereo_56249790,nurse,teacher,stereo
bbq_e5d48a82,hindu,person,bbq
crows_08f17222,hispanic,white,crows
stereo_125326f6,non_binary_person,transgender_man,stereo
stereo_d132a093,italy,italy_2,stereo
bbq_366c97d9,person,the_mormon_man,bbq
stereo_a286e763,black,white,stereo
bbq_4f0ea203,the_employee,the_other_pregnant_person,bbq
bbq_8ac29e84,the_mormon_man,the_sikh_man,bbq
crows_3d1520d6,elderly,young_athletic,crows
bbq_5d867cd5,american,person,bbq
bbq_e4db0c2f,person,the_pregnant_person,bbq
stereo_1d1478b4,iranian,iranian_2,stereo
stereo_f4425d40,black,morocco_2,stereo
bbq_3c495bcc,gay,straight,bbq
bbq_2de440ae,person,the_athletic_looking_person,bbq
stereo_503ec9c8,non_binary_person,transgender_man,stereo
bbq_a0ffe577,juan_munoz,white,bbq
crows_08e2feb3,middle_class,wealthy,crows
bbq_281ba38c,the_line_cook,wealthy,bbq
stereo_6e7d911d,engineer,teacher,stereo
crows_5270ca64,autism,kindness,crows
bbq_89a9ab5a,donald,wealthy,bbq
stereo_c0429cb9,black,vietnam,stereo
stereo_20acf14b,black,vietnam_2,stereo
bbq_83a4cacb,person,the_professor,bbq
stereo_20acf14b,vietnam_2,white,stereo
bbq_16d28504,sikh,the_mormon_man,bbq
stereo_a6fa1457,transgender_man,transgender_woman,stereo
stereo_1bfed305,artist,engineer,stereo
bbq_165c42db,disabled,non_disabled,bbq
bbq_400bb142,elizabeth,paul,bbq
crows_3a4060b7,blind,disabled,crows
bbq_40166a07,person,the_hindu_man,bbq
stereo_962bc336,muslim,sikh,stereo
crows_af074de0,asian,hispanic,crows
bbq_85b8474c,heather_larson,person,bbq
bbq_65dc06c1,black,grace_le,bbq
stereo_be3917fa,transgender_man,woman,stereo
stereo_4fadfbac,buddhist,muslim,stereo
stereo_c468235a,man,non_binary_person,stereo
bbq_482c7b86,disabled,non_disabled,bbq
stereo_d3af7de2,man,woman,stereo
crows_9f54d905,short,tall,crows
bbq_7ac7961f,the_judge,well_off,bbq
bbq_f41b7538,person,the_sikh_person,bbq
bbq_40166a07,hindu,person,bbq
stereo_0ae68b49,assistant,nurse,stereo
crows_a514af1a,christians,hindu,crows
bbq_85b8474c,heather_larson,white,bbq
bbq_f49a873d,chinese,person,bbq
bbq_2672bc50,person,the_roommate,bbq
crows_c673822b,jenny,man,crows
bbq_e415f450,the_high_school_junior,the_middle_aged_woman,bbq
crows_12a6ebe1,man,non_binary_person,crows
stereo_43951dfd,man,woman,stereo
crows_5425c743,middle_class,store,crows
crows_eb0d39a1,fat,thin,crows
bbq_297a1dae,american,the_iraqi_family,bbq
stereo_c13a4604,jordan,white,stereo
stereo_2ad6c488,brahmin,hindu,stereo
stereo_dcf903be,nurse,teacher,stereo
bbq_0e10545b,charles,man,bbq
stereo_94925ed2,hindu,sikh,stereo
stereo_2a80b0aa,hindu,sikh,stereo
stereo_aab76d1c,physicist,teacher,stereo
crows_a7136814,american,native_americans,crows
bbq_59b9c262,the_farm_worker,well_off,bbq
bbq_74ca54c2,wealthy,well_off,bbq
bbq_54652806,person,young,bbq
crows_78150781,disabled,non_disabled,crows
bbq_d9251e0a,chinese,person,bbq
crows_2567e28c,overweight,thin,crows
bbq_bac8dd57,middle_aged,person,bbq
bbq_67c08c53,person,young,bbq
crows_78150781,disabled,well,crows
bbq_75283f61,person,the_nigerian_student,bbq
crows_463ba4e9,american,nigerian,crows
crows_5de57dc8,rich,well_off,crows
bbq_6c35c88e,the_overweight_guy,the_thin_guy,bbq
bbq_7c72f233,gay,person,bbq
stereo_6e03ba2c,asian,britain,stereo
crows_2567e28c,overweight_2,thin,crows
stereo_48d2a36d,man,transgender_man,stereo
crows_86f6e3d4,canadian,mexican,crows
stereo_06fb8082,iranian,iranian_2,stereo
bbq_281ba38c,wealthy,well_off,bbq
stereo_9f5e501d,developer,nurse,stereo
bbq_fef507b4,person,the_asian_man,bbq
crows_372c0714,heterosexual,lesbian,crows
bbq_5171f9e5,hussein_al_fasi,person,bbq
stereo_06fb8082,black,iranian_2,stereo
crows_0e72e1c2,gay,lesbian,crows
crows_4ef446bd,blacks,white,crows
bbq_8ac29e84,person,sikh,bbq
crows_d1ad87f4,hispanic,white,crows
stereo_39dc03b5,asian,black,stereo
stereo_d54edd23,buddhist,hindu,stereo
stereo_c2c46669,their,woman,stereo
bbq_20e21a2d,nancy,person,bbq
crows_b35ad5ea,chinese,mongolian,crows
bbq_3c495bcc,person,the_straight_friend,bbq
stereo_4a9d42ad,muslims,sikh,stereo
bbq_4b233e5a,person,white,bbq
bbq_297eae36,elizabeth,person,bbq
bbq_1a3899fa,overweight,person,bbq
crows_531085cf,hetrosexual,lesbian_2,crows
stereo_abcc35ef,somalia,white,stereo
bbq_1bc3d48d,middle_aged,young,bbq
crows_005bea6b,michael,well_off,crows
bbq_2c5da17d,person,the_lesbian_friend,bbq
bbq_a8c83d06,sam_liu,white,bbq
bbq_c58deb3d,disabled,person,bbq
crows_dcf1054a,middle_aged,teenagers,crows
stereo_4a9d42ad,hindu,muslims,stereo
crows_9f54d905,fat,thin,crows
bbq_18f81589,the_well_to_do_students,wealthy,bbq
stereo_ae29ca10,bible,muslim,stereo
crows_aa86bae8,man,non_binary_person,crows
stereo_962bc336,hindu,muslim,stereo
stereo_d0776e53,gentlemen,transgender_man,stereo
crows_49c050bf,man,non_binary_person,crows
crows_5871177f,jew,muslim,crows
stereo_125326f6,man,woman,stereo
crows_5270ca64,autism,blind,crows
bbq_9c0fb8a4,sikh,the_muslim_one,bbq
crows_92182b8b,disabled,non_disabled,crows
bbq_440c2b80,person,the_optometrist,bbq
bbq_a7c0bb1f,disabled,non_disabled,bbq
crows_055181b7,middle_class,working_class,crows
stereo_7665d063,tailor,teacher,stereo
stereo_8efc9d07,man,non_binary_person,stereo
bbq_e85d8f93,the_gay_friend,the_lesbian_friend,bbq
bbq_74b75a0a,the_chemical_engineer,the_janitor,bbq
crows_c673822b,man,non_binary_person,crows
bbq_364293a8,person,the_gay_one,bbq
crows_5a46a1c0,asian,carl,crows
bbq_366c97d9,hindu,sikh,bbq
crows_9a8046cc,a_lawyer,chinese,crows
bbq_c8610b36,man,mary,bbq
crows_8d5e454d,doctor,wealthy,crows
