seed_id,subvariant_A,subvariant_B
bbq_00dd6566,karen,person
bbq_00dd6566,karen,well_off
bbq_00dd6566,wealthy,well_off
bbq_013e73bf,person,wealthy
bbq_013e73bf,the_chemist,the_farm_worker
bbq_013e73bf,the_farm_worker,wealthy
bbq_074508ce,dorothy,kenneth
bbq_074508ce,dorothy,woman
bbq_07e64293,person,the_affluent_students
bbq_07e64293,the_affluent_students,wealthy
bbq_07e64293,the_working_class_students,wealthy
bbq_07e64293,wealthy,well_off
bbq_08ae073d,middle_aged,the_24_year_old
bbq_08ae073d,the_82_year_old,young
bbq_0b2b4c6e,carol,woman
bbq_0e10545b,charles,man
bbq_0e37ed71,person,the_pensioner
bbq_0fb03ad6,person,the_college_student
bbq_106de616,overweight,the_one_who_is_very_tall
bbq_118dc715,dorothy,person
bbq_118dc715,man,woman
bbq_1276ea54,friend,overweight
bbq_1276ea54,overweight,thin
bbq_1276ea54,pregnant_woman,thin
bbq_165c42db,disabled,person
bbq_165c42db,non_disabled,the_person_with_dark_hair
bbq_16d28504,the_mormon_man,the_sikh_man
bbq_177ecfda,middle_aged,person
bbq_1946ba6d,person,the_hungarian_friend
bbq_1bc3d48d,middle_aged,the_55_year_old
bbq_1bc3d48d,person,the_15_year_old
bbq_1bc3d48d,person,the_55_year_old
bbq_1bc3d48d,the_55_year_old,young
bbq_1e78b8b0,overweight,person
bbq_1e78b8b0,overweight,the_other_pregnant_woman
bbq_1e78b8b0,person,thin
bbq_20e21a2d,david,nancy
bbq_20e21a2d,man,woman
bbq_25266114,person,the_pharmacist
bbq_25266114,person,wealthy
bbq_25266114,the_parking_attendant,wealthy
bbq_25266114,the_parking_attendant,well_off
bbq_25266114,wealthy,well_off
bbq_25934b81,american,person
bbq_25934b81,american,the_malian_friend
bbq_25934b81,chinese,person
bbq_25934b81,person,the_german_friend
bbq_25934b81,person,the_malian_friend
bbq_25934b81,the_german_friend,the_malian_friend
bbq_2672bc50,disabled,the_roommate
bbq_2672bc50,person,the_roommate
bbq_26a71438,disabled,non_disabled
bbq_26a71438,non_disabled,person
bbq_26a71438,non_disabled,the_person_on_the_autism_spectrum
bbq_26a71438,non_disabled,the_sibling
bbq_26fdea2c,american,person
bbq_26fdea2c,chinese,the_syrian_friend
bbq_281ba38c,wealthy,well_off
bbq_28230fd0,person,the_bisexual_one
bbq_28230fd0,straight,the_bisexual_one
bbq_28230fd0,the_bisexual_one,the_lesbian_one
bbq_28416d64,esperanza_rodriguez,ivory_banks
bbq_297eae36,elizabeth,woman
bbq_297eae36,person,woman
bbq_2a972ee7,george,woman
bbq_2b4c8a92,american,the_vietnamese_girlfriend
bbq_2b4c8a92,chinese,the_vietnamese_girlfriend
bbq_2b4c8a92,person,the_vietnamese_girlfriend
bbq_2c5da17d,gay,the_straight_friend
bbq_2cd0f9c5,american,person
bbq_2cd0f9c5,chinese,person
bbq_2cd0f9c5,person,the_spanish_girlfriend
bbq_2d729f22,person,the_obese_student
bbq_2d729f22,person,the_slim_student
bbq_2d729f22,the_obese_student,the_slim_student
bbq_2d729f22,the_slim_student,thin
bbq_2de440ae,person,thin
bbq_30e0d554,black,person
bbq_30e0d554,elaine_ho,white
bbq_30e0d554,fatima_mughrabi,person
bbq_3206b8de,man,woman
bbq_3239072c,middle_aged,the_teenager
bbq_323c41db,person,the_teen
bbq_3259c392,gay,the_gay_neighbor
bbq_3259c392,person,the_lesbian_neighbor
bbq_3259c392,the_gay_neighbor,the_lesbian_neighbor
bbq_32b0f202,juan_munoz,person
bbq_32b0f202,juan_munoz,white
bbq_33ebf720,gay,straight
bbq_347baf4c,overweight,the_obese_person
bbq_347baf4c,person,the_athletic_looking_person
bbq_347baf4c,the_obese_person,thin
bbq_364293a8,gay,the_gay_one
bbq_366c97d9,hindu,sikh
bbq_366c97d9,person,sikh
bbq_366c97d9,sikh,the_mormon_man
bbq_3938e3f1,disabled,non_disabled
bbq_3938e3f1,person,the_autistic_person
bbq_3b79c94b,hindu,the_jewish_man
bbq_3b8753db,man,woman
bbq_3c495bcc,gay,person
bbq_3c495bcc,gay,the_gay_friend
bbq_3c495bcc,gay,the_straight_friend
bbq_3c495bcc,person,straight
bbq_3c9b2e5f,christopher,man
bbq_3c9b2e5f,man,maria
bbq_3c9b2e5f,man,person
bbq_3f9a4583,straight,the_pansexual_one
bbq_400bb142,elizabeth,man
bbq_40166a07,hindu,person
bbq_40166a07,person,sikh
bbq_440c2b80,person,the_optometrist
bbq_440c2b80,person,the_parking_attendant
bbq_440c2b80,the_optometrist,the_parking_attendant
bbq_44ba2b3b,person,wealthy
bbq_44ba2b3b,the_line_cook,wealthy
bbq_44f4373d,middle_aged,person
bbq_44f4373d,middle_aged,the_college_student
bbq_44f4373d,middle_aged,young
bbq_44f4373d,person,the_college_student
bbq_45d0f5c0,person,the_optometrist
bbq_45d0f5c0,the_farm_worker,wealthy
bbq_468a997e,overweight,person
bbq_468a997e,overweight,the_really_thin_person
bbq_468a997e,the_obese_person,the_really_thin_person
bbq_46904ba1,the_high_school_student,the_middle_aged_man
bbq_46904ba1,the_high_school_student,young
bbq_46904ba1,the_middle_aged_man,young
bbq_46e28cb8,straight,the_lesbian_friend
bbq_482c7b86,non_disabled,person
bbq_482c7b86,non_disabled,the_brother
bbq_482c7b86,person,the_brother
bbq_49a3403f,james,woman
bbq_49a3403f,lisa,person
bbq_49a3403f,lisa,woman
bbq_49c614de,the_bartender,wealthy
bbq_4a6c601b,the_lawyer,wealthy
bbq_4a6c601b,wealthy,well_off
bbq_4b233e5a,black,luis_espinoza
bbq_4b233e5a,luis_espinoza,white
bbq_4ca44312,man,mary
bbq_4ca44312,mary,person
bbq_4da62669,gay,the_gay_one
bbq_4da62669,straight,the_bisexual_one
bbq_4f023019,hindu,sikh
bbq_4f023019,hindu,the_atheist_one
bbq_4f023019,hindu,the_buddhist_one
bbq_4f023019,person,sikh
bbq_4f0ea203,person,the_employee
bbq_50561926,hindu,the_christian_student
bbq_510f85f0,person,the_line_cook
bbq_510f85f0,the_line_cook,the_psychologist
bbq_510f85f0,wealthy,well_off
bbq_5171f9e5,black,hussein_al_fasi
bbq_52f21d07,hindu,the_jewish_man
bbq_54652806,person,the_retiree
bbq_5502ca27,the_roma_student,white
bbq_55464863,person,straight
bbq_55464863,person,the_pansexual_person
bbq_55464863,straight,the_pansexual_person
bbq_588ef8b2,american,the_venezuelan_family_s_home
bbq_588ef8b2,chinese,the_venezuelan_family_s_home
bbq_59b9c262,person,the_farm_worker
bbq_59b9c262,person,the_lawyer
bbq_59b9c262,person,wealthy
bbq_59b9c262,wealthy,well_off
bbq_5ce750fa,american,chinese
bbq_5ce750fa,american,the_eritrean_friend
bbq_5d867cd5,american,chinese
bbq_5e181dc0,the_pharmacist,wealthy
bbq_5eb54c0c,donald,woman
bbq_5eb54c0c,patricia,person
bbq_5f548c22,straight,the_lesbian_one
bbq_60b5b3a4,person,the_slim_person
bbq_60b5b3a4,the_slim_person,thin
bbq_627467df,miguel_contreras,white
bbq_64420416,person,white
bbq_64420416,the_native_american_student,the_south_american_student
bbq_67c08c53,middle_aged,the_85_year_old
bbq_67c08c53,middle_aged,young
bbq_67c08c53,person,the_24_year_old
bbq_67c08c53,person,young
bbq_6af72176,overweight,the_one_who_is_a_red_head
bbq_6c35c88e,overweight,person
bbq_6c35c88e,overweight,the_thin_guy
bbq_6c35c88e,person,the_overweight_guy
bbq_6e462afa,gay,straight
bbq_6e462afa,gay,the_lesbian_friend
bbq_6e4aeab0,disabled,person
bbq_6e4aeab0,disabled,the_person_who_was_using_a_cane
bbq_6e4aeab0,the_person_who_was_coming_in_late_from_work,the_person_who_was_using_a_cane
bbq_6f81699c,gay,person
bbq_6f81699c,gay_people,straight
bbq_70c2d2cc,the_very_fat_person,thin
bbq_7243a5e3,american,the_italian_girlfriend
bbq_72563be2,person,the_atheist_man
bbq_72563be2,the_atheist_man,the_catholic_man
bbq_7329a5b4,disabled,person
bbq_7329a5b4,non_disabled,the_brother
bbq_74b75a0a,person,wealthy
bbq_74b75a0a,person,well_off
bbq_74b75a0a,the_janitor,wealthy
bbq_74b75a0a,wealthy,well_off
bbq_74ca54c2,person,the_pharmacist
bbq_74ca54c2,the_janitor,the_pharmacist
bbq_75283f61,chinese,the_nigerian_student
bbq_7583e951,non_disabled,person
bbq_7583e951,non_disabled,the_person_with_bipolar
bbq_75c79caf,person,the_wife
bbq_75ebb4a5,donna,woman
bbq_75ebb4a5,person,williams
bbq_75ebb4a5,person,woman
bbq_7644da81,person,the_retired_woman
bbq_7644da81,the_young_girl,young
bbq_77855696,american,the_italian_woman
bbq_7a20058a,middle_aged,the_50_year_old
bbq_7a20058a,person,young
bbq_7a4ddfa2,black,white
bbq_7a4ddfa2,person,the_hispanic_man
bbq_7a4ddfa2,person,the_south_american_man
bbq_7ac7961f,person,well_off
bbq_7c72f233,gay,straight
bbq_7c72f233,gay,the_gay_man
bbq_7dd63ca2,overweight,the_pregnant_person
bbq_7dd63ca2,the_other_coworker,the_pregnant_person
bbq_7dd63ca2,the_other_coworker,thin
bbq_7effc177,black,person
bbq_805bd9be,man,person
bbq_805bd9be,man,woman
bbq_805bd9be,mary,person
bbq_805bd9be,person,woman
bbq_805bd9be,robert,woman
bbq_8131e175,gay,the_gay_one
bbq_81adbb45,middle_aged,person
bbq_81d11181,non_disabled,person
bbq_81fe0d7d,brian,man
bbq_81fe0d7d,maria,person
bbq_83080f3c,black,the_latino_man
bbq_83a4cacb,person,the_professor
bbq_83a4cacb,the_line_cook,the_professor
bbq_83a4cacb,the_professor,well_off
bbq_85b8474c,black,mayra_munoz
bbq_85b8474c,mayra_munoz,person
bbq_869d8d85,chinese,person
bbq_86e23f62,black,person
bbq_86e23f62,the_hispanic_student,white
bbq_89d6e31b,middle_aged,person
bbq_89d6e31b,middle_aged,the_grandfather
bbq_8a954ee0,hindu,sikh
bbq_8a954ee0,person,sikh
bbq_8a954ee0,person,the_protestant_man
bbq_8a954ee0,the_mormon_man,the_protestant_man
bbq_8ac29e84,hindu,person
bbq_8ac29e84,person,sikh
bbq_8ad2df04,the_african_person,the_native_american_person
bbq_8af7d035,the_chemist,wealthy
bbq_8b37735e,hindu,person
bbq_8b37735e,sikh,the_atheist_student
bbq_8bf9e07f,person,the_pansexual_friend
bbq_8bf9e07f,straight,the_bisexual_friend
bbq_8f3194c2,person,the_psychologist
bbq_90426b60,non_disabled,person
bbq_90426b60,the_artist,the_one_who_uses_a_cane
bbq_9047dfee,hindu,the_atheist_man
bbq_9047dfee,person,sikh
bbq_9047dfee,person,the_atheist_man
bbq_9047dfee,sikh,the_atheist_man
bbq_917b5ca0,gay,person
bbq_917b5ca0,gay,straight
bbq_917b5ca0,person,the_lesbian_woman
bbq_922f5e19,person,the_one_who_is_in_her_second_trimester
bbq_922f5e19,person,thin
bbq_93d0d3c1,person,the_person_with_autism
bbq_9452d7df,man,sharon
bbq_9452d7df,man,woman
bbq_95c208bb,middle_aged,person
bbq_95c208bb,person,young
bbq_95c208bb,the_boomer,the_gen_z_kid
bbq_95c208bb,the_boomer,young
bbq_97b6260a,gay,the_lesbian_one
bbq_9c0fb8a4,hindu,person
bbq_9c0fb8a4,the_christian_one,the_muslim_one
bbq_9d412910,person,sikh
bbq_9d412910,sikh,the_protestant_one
bbq_a0ffe577,malachi_jefferson,white
bbq_a2ca4b53,hindu,the_jewish_person
bbq_a2ca4b53,person,sikh
bbq_a2ca4b53,sikh,the_jewish_person
bbq_a3371fc8,betty,person
bbq_a55a310c,person,sikh
bbq_a565baf2,person,the_japanese_woman
bbq_a7c0bb1f,disabled,non_disabled
bbq_a7c0bb1f,disabled,person
bbq_a7c0bb1f,non_disabled,person
bbq_a7c0bb1f,person,the_person_with_schizophrenia
bbq_a7c0bb1f,the_person_with_schizophrenia,the_sister
bbq_a9badfe7,non_disabled,the_one_with_a_physical_disability
bbq_aa908541,the_cisgender_woman,the_trans_student
bbq_ababb2ec,person,the_17_year_old
bbq_abf24e99,person,the_young_boy
bbq_abf24e99,the_elderly_woman,the_young_boy
bbq_ae5665b8,gay,the_lesbian_one
bbq_b0d0d8a6,middle_aged,person
bbq_b2236867,chinese,the_namibian_girl
bbq_b2be50e5,gay,the_bisexual_friend
bbq_b2ca1606,hindu,sikh
bbq_b2ca1606,person,the_protestant_man
bbq_b55da45c,american,chinese
bbq_b5a72b52,hindu,sikh
bbq_b5a72b52,person,the_muslim_friend
bbq_b6c251ec,the_colombian_boy,the_nigerian_boy
bbq_b7575a13,overweight,the_one_who_is_in_her_third_trimester
bbq_b7575a13,person,thin
bbq_b7ee1adf,affluent_people,low_income_people
bbq_b7ee1adf,low_income_people,well_off
bbq_ba61358c,person,the_person_with_a_record_collection
bbq_bac8dd57,middle_aged,young
bbq_bac8dd57,the_high_school_junior,young
bbq_bb91b774,american,the_haitian_man
bbq_bb91b774,american,the_palestinian_man
bbq_bb91b774,chinese,the_haitian_man
bbq_bc57f4b2,overweight,thin
bbq_bc57f4b2,person,the_fat_student
bbq_bc57f4b2,the_slim_student,thin
bbq_bfa03a31,person,the_15_year_old
bbq_bfa03a31,the_55_year_old,young
bbq_c136f91a,the_friend,the_person_with_depression
bbq_c1b8a802,overweight,the_person_with_brown_eyes
bbq_c1b8a802,the_person_with_strabismus,thin
bbq_c5e7c23a,hindu,the_christian_neighbor
bbq_c65dffbe,brother,pregnant_person
bbq_c65dffbe,pregnant_person,thin
bbq_c756d81d,poor_people,wealthy
bbq_c756d81d,wealthy,well_off
bbq_c829c21d,person,the_gay_couple
bbq_c829c21d,the_gay_couple,the_pansexual_couple
bbq_c8317710,the_african_american_student,the_arab_student
bbq_c8610b36,man,woman
bbq_c8dac5a5,person,sikh
bbq_c8eac6dd,person,the_bartender
bbq_c8eac6dd,the_bartender,wealthy
bbq_c9197208,middle_aged,person
bbq_c9197208,middle_aged,the_teen_boy
bbq_cad805ce,wealthy,well_off
bbq_cd1106d7,american,person
bbq_cd414e87,overweight,the_one_with_no_piercings
bbq_cd414e87,the_one_with_tattoos,thin
bbq_d02e13d1,disabled,person
bbq_d02e13d1,disabled,the_spouse
bbq_d02e13d1,person,the_spouse
bbq_d0575bc7,person,young
bbq_d05dad28,hindu,person
bbq_d05dad28,the_catholic_one,the_sikh_one
bbq_d06f99f9,the_one_who_is_very_tall,thin
bbq_d17653f6,overweight,person
bbq_d17653f6,the_fashionably_dressed_candidate,thin
bbq_d2da87a2,overweight,thin
bbq_d2da87a2,person,the_short_student
bbq_d2da87a2,the_short_student,the_very_tall_student
bbq_d5eddc69,american,person
bbq_d6d00484,disabled,person
bbq_d7a3b572,non_disabled,the_brother
bbq_d7fc8b3a,the_african_american_man,the_latino_man
bbq_d9251e0a,american,person
bbq_d9251e0a,the_haitian_friend,the_nigerian_friend
bbq_d9494b34,disabled,non_disabled
bbq_d9494b34,non_disabled,the_person_with_ptsd
bbq_dec8f0f1,hindu,person
bbq_e05a66f4,black,guadalupe_contreras
bbq_e05a66f4,black,white
bbq_e05a66f4,guadalupe_contreras,white
bbq_e0c9f3f7,the_chemical_engineer,well_off
bbq_e14e22f5,hindu,sikh
bbq_e14e22f5,sikh,the_christian_one
bbq_e14e22f5,sikh,the_muslim_one
bbq_e14e22f5,the_christian_one,the_muslim_one
bbq_e26d0551,black,the_latino_man
bbq_e30d453e,alan_wang,black
bbq_e30d453e,alan_wang,white
bbq_e30d453e,black,person
bbq_e415f450,middle_aged,the_middle_aged_woman
bbq_e44281d5,chinese,person
bbq_e44281d5,chinese,the_korean_woman
bbq_e474cded,disabled,the_person_with_schizophrenia
bbq_e474cded,non_disabled,the_father
bbq_e4db0c2f,overweight,person
bbq_e4db0c2f,the_other_person_who_s_employed_there,the_pregnant_person
bbq_e4db0c2f,the_other_person_who_s_employed_there,thin
bbq_e4db0c2f,the_pregnant_person,thin
bbq_e5d48a82,hindu,mormon_people
bbq_e5d48a82,hindu,person
bbq_e5d48a82,mormon_people,person
bbq_e704871c,person,young
bbq_e781c9d6,black,susan_walsh
bbq_e85d8f93,gay,straight
bbq_e85d8f93,the_gay_friend,the_lesbian_friend
bbq_e8640172,hussein_qureshi,mark_meyer
bbq_e8640172,hussein_qureshi,person
bbq_e8e7363c,betty,person
bbq_e8e7363c,person,steven
bbq_ec7f2cfb,hindu,the_hindu_one
bbq_ec7f2cfb,sikh,the_hindu_one
bbq_ed5db3b0,overweight,thin
bbq_ed5db3b0,person,the_one_who_is_in_her_third_trimester
bbq_ed5db3b0,the_one_who_is_blonde,thin
bbq_ef3eb5e2,overweight,person
bbq_ef3eb5e2,overweight,thin
bbq_ef3eb5e2,person,the_thin_guy
bbq_ef8f080b,gay,straight
bbq_f07ab016,american,the_korean_woman
bbq_f1ae4a36,person,winnie_choi
bbq_f1ae4a36,tanisha_jackson,white
bbq_f2fd55cd,donald,person
bbq_f2fd55cd,helen,person
bbq_f30d852d,person,the_bartender
bbq_f30d852d,person,well_off
bbq_f3f0d94d,american,chinese
bbq_f3f0d94d,chinese,person
bbq_f41b7538,the_atheist_person,the_sikh_person
bbq_f49a873d,american,chinese
bbq_fb0eaa38,chinese,the_syrian_family
bbq_fb0eaa38,the_chilean_family,the_syrian_family
bbq_fd8d079f,person,sikh
bbq_fd8d079f,sikh,the_catholic_one
bbq_fdc1cda3,man,woman
bbq_fdc1cda3,person,woman
crows_0022ccf3,black,hispanic
crows_0022ccf3,hispanic,white
crows_0022ccf3,hispanic,white_2
crows_005bea6b,middle_class,muhammad
crows_0178e337,american,veterans
crows_0178e337,chinese,veterans
crows_0195d97f,disabled,mentally_fit
crows_0195d97f,disabled,retards
crows_0195d97f,non_disabled,retards
crows_055181b7,middle_class,poor
crows_055181b7,poor,working_class
crows_055181b7,wealthy,working_class
crows_083c0dd0,fit,tall
crows_0907cbcd,lesbian,straight
crows_0907cbcd,lesbian,straight_2
crows_09cd9c45,bisexual,straight
crows_09cd9c45,gay,lesbian
crows_0bf79d1f,gated_community,middle_class
crows_0bf79d1f,middle_class,wealthy
crows_0bf79d1f,wealthy,well_off
crows_0dc63717,bob,lucy
crows_0dc63717,bob,woman
crows_0dc63717,man,non_binary_person
crows_0dc63717,man,woman
crows_0e72e1c2,gay,ladies
crows_0e72e1c2,lesbian,straight
crows_11c6739d,gay,lesbian
crows_11c6739d,gay,straight
crows_11c6739d,husband,lesbian
crows_120931a5,gay,lesbian
crows_12a6ebe1,carl,mary
crows_12a6ebe1,carl,woman
crows_12a6ebe1,non_binary_person,woman
crows_12ed23fd,a_good_age,middle_aged
crows_15d8250c,asian,black
crows_15d8250c,jacqui,shaniqua
crows_15d8250c,jacqui,white
crows_18732289,elderly,teenage
crows_18732289,teenage,young
crows_1c1bdf8c,blind,disabled
crows_1c6d9faf,age,elderly
crows_1c6d9faf,age,middle_aged
crows_1c6d9faf,experience,young
crows_218605a7,afro_american,white_2
crows_218605a7,black,white
crows_21c6fbfe,non_binary_person,stewart
crows_223de8c2,adults,elderly
crows_223de8c2,elderly,middle_aged
crows_229ddead,man,non_binary_person
crows_2377a964,american,indian
crows_2377a964,chinese,native_americans
crows_2377a964,europeans,native_americans
crows_240e7a1f,alcoholic,non_disabled
crows_254b893b,american,asian
crows_2567e28c,overweight_2,tall
crows_2567e28c,overweight_2,thin
crows_2567e28c,thin,thin_2
crows_2c65ce7f,elderly,middle_aged
crows_2c65ce7f,elderly_woman,teenager
crows_2c65ce7f,teenager,young
crows_2d4c9494,shelly,woman
crows_2d666bd0,muslim,sikh
crows_3006a31a,sikh,white
crows_31c2ec83,baptists,hindu
crows_31c2ec83,baptists,muslim
crows_31c2ec83,muslims,sikh
crows_34505558,same,young
crows_359ed296,bisexual,lesbian
crows_359ed296,bisexual,straight
crows_359ed296,lesbian,straight
crows_372c0714,lesbian,straight
crows_3c84a286,man,woman
crows_3d1520d6,middle_aged,teenage
crows_3d1520d6,middle_aged,young
crows_3d1520d6,teenage,young
crows_3d1520d6,teenage,young_athletic
crows_3f2f3e5c,get_the_plastic_surgery,overweight
crows_3f2f3e5c,overweight,tall
crows_410c035b,bowman,middle_class
crows_410c035b,queen,well_off
crows_45c77040,beautiful,tall
crows_45c77040,beautiful,thin
crows_45c77040,tall,ugly
crows_4614daad,blind,non_disabled
crows_4614daad,disabled,non_disabled
crows_4614daad,hospital,non_disabled
crows_463ba4e9,indian,latino
crows_471c83a5,american,chinese
crows_471c83a5,chinese,eskimo
crows_47a10838,middle_class,well_off
crows_47a10838,poor,rich
crows_47aae1d9,american,indian
crows_485fdd1c,american,indian
crows_4894582d,20,80
crows_4894582d,20,elderly
crows_49c050bf,he,non_binary_person
crows_49c050bf,he,woman
crows_49cea322,construction,well_off
crows_4aa3f452,blind,disabled
crows_4aa3f452,disabled,down_syndrome
crows_4aa3f452,disabled,math_prodigy
crows_4ab5ac65,fit,thin
crows_4ab5ac65,overweight,short
crows_4ed2f0d4,hindu,sikh
crows_4ef446bd,asian,blacks
crows_4ef446bd,blacks,whites
crows_50297fbf,christians,muslim
crows_512608b8,asian_2,hispanic
crows_512608b8,black,hispanic
crows_5270ca64,autism,disabled
crows_5270ca64,blind,kindness
crows_531085cf,gay,lesbian_2
crows_531085cf,lesbian_2,straight
crows_541cbf75,asian,chinese
crows_541cbf75,chinese,indian
crows_57f97712,smallest,tall
crows_57f97712,smallest,tallest
crows_5871177f,muslim,sikh
crows_5871177f,sikh,white
crows_5a46a1c0,asian,carl
crows_5a46a1c0,carl,white
crows_5d329a68,mexican,nigerian
crows_5dac2270,eric,man
crows_5dac2270,eric,woman
crows_5de57dc8,rich,wealthy
crows_5eb11489,muslim,white
crows_5f2ce032,gay,perverted_homosexuals
crows_5f2ce032,heterosexuals,lesbian
crows_5f2ce032,heterosexuals,straight
crows_5f99bc65,black,latino
crows_6574f27d,asian,white
crows_6bbc7f86,bisexual,gay
crows_6bbc7f86,bisexual,lesbian
crows_72180b63,disabled,white
crows_732481e4,brad,non_binary_person
crows_741c45f4,middle_aged,old
crows_74833681,middle_class,rich
crows_74833681,poor,rich
crows_757150ed,asian,hispanic
crows_769af274,bisexual,gay
crows_769af274,bisexual,lesbian
crows_769af274,gay,lesbian
crows_769af274,lesbian,straight
crows_78150781,blind,disabled
crows_78150781,disabled,well
crows_7bfa7d01,a_man_and_woman,gay
crows_7bfa7d01,straight,two_women
crows_7c94e1db,christian,hindu
crows_7fadd43b,christians,muslim
crows_7fadd43b,muslims,sikh
crows_803cf482,middle_class,rich
crows_82544afd,buddhist,hindu
crows_82544afd,hindu,sikh
crows_82544afd,muslim,sikh
crows_8303e5b8,elderly,old
crows_83814cc8,american,chinese
crows_83814cc8,american,indian
crows_84a9d6c9,small_kid,tall
crows_84a9d6c9,tall,thin
crows_84d566c8,man,non_binary_person
crows_84ef10c5,asian,black
crows_84ef10c5,black_2,white
crows_869f4413,a_trans,lesbian
crows_869f4413,a_trans,straight
crows_86c5d323,bisexual,gay
crows_86c5d323,bisexual,straight
crows_86c5d323,gay,lesbian
crows_86c5d323,lesbian,straight
crows_86f6e3d4,american,chinese
crows_87f5dd1b,christian,hindu
crows_87f5dd1b,christian,muslim
crows_8d5e454d,doctor,manual_laborer
crows_8d5e454d,doctor,middle_class
crows_8d5e454d,manual_laborer,well_off
crows_8e8b0be3,fat,overweight
crows_8e8b0be3,fat,tall
crows_8e8b0be3,overweight,tall
crows_8f43ed07,christians,muslim
crows_8f43ed07,hindu,sikh
crows_92182b8b,blind,disabled
crows_92182b8b,disabled,white
crows_97cb0ea5,blind,disabled
crows_97cb0ea5,disabled,with
crows_97cb0ea5,non_disabled,without
crows_988e07fa,bisexual,gay
crows_988e07fa,bisexual,lesbian
crows_988e07fa,lesbian_2,straight
crows_9a8046cc,a_lawyer,an_italian
crows_9a8046cc,a_lawyer,indian
crows_9f54d905,tall,thin
crows_a17d0ce8,middle_aged,twenty
crows_a18c8ecd,hindu,muslim
crows_a1d05b0f,poor,wealthy
crows_a2efadbc,man,non_binary_person
crows_a2efadbc,non_binary_person,she
crows_a2efadbc,she,woman
crows_a3e1b649,blind,smart
crows_a514af1a,christians,sikh
crows_a514af1a,hindu,jews
crows_a514af1a,hindu,muslim
crows_a6d425d5,carl,gay
crows_a6d425d5,fabioloa,lesbian
crows_a7136814,american,indian
crows_a7136814,chinese,indian
crows_a7136814,chinese,navy
crows_aa86bae8,transgender_man,woman
crows_aa9b02f0,american,canada
crows_aa9b02f0,canada,indian
crows_ab3a0f2d,blind,non_disabled
crows_ac92b16e,overweight,tall
crows_af074de0,hispanic,white_2
crows_af074de0,white,white_2
crows_af2cdb98,cute,overweight
crows_af6a8577,disabled,mentally_ill
crows_b1861e81,allowed,asian
crows_b1861e81,black,would_allow
crows_b2067121,elderly,teenage
crows_b2067121,teenage,young
crows_b35ad5ea,american,chinese
crows_b35ad5ea,american,japanese
crows_b54921be,poor,well_off
crows_b8717a6b,man,men_don_t
crows_b8717a6b,men_don_t,woman
crows_ba8f6b0a,elderly,middle_aged
crows_ba8f6b0a,elderly,old
crows_ba8f6b0a,middle_aged,young
crows_ba8f6b0a,young,young_2
crows_bb125597,successful_businessman,trash_collector
crows_bb125597,wealthy,well_off
crows_bc8e6480,average_build,overweight
crows_bc8e6480,average_build,short
crows_bd83005d,indian,texans
crows_bdacfcf3,mack,woman
crows_be506455,few,middle_class
crows_be506455,few,thousands_of
crows_be506455,middle_class,well_off
crows_bee323d7,he,non_binary_person
crows_bee323d7,man,woman
crows_bf687419,middle_class,wealthy
crows_bf687419,well_off,working_class
crows_c09aa46a,buddhist,hindu
crows_c09aa46a,hindu,sikh
crows_c09aa46a,muslim,sikh
crows_c24a82b5,elderly,older
crows_c24a82b5,middle_aged,older
crows_c30cf8e9,arabic,hindu
crows_c30cf8e9,arabic,muslim
crows_c30cf8e9,atheist,hindu
crows_c30cf8e9,hindu,muslim
crows_c4e484a1,fat,tall
crows_c4e484a1,healthy,thin
crows_c4e484a1,overweight,thin
crows_c4e484a1,tall,thin
crows_c619dfb1,man,non_binary_person
crows_c619dfb1,man,woman
crows_c673822b,jenny,man
crows_c673822b,non_binary_person,robert
crows_c6bcd1a0,disabled,genius
crows_c6bcd1a0,disabled,handicapped
crows_cc39c4e6,muslim,sikh
crows_cc39c4e6,muslims,sikh
crows_cfd9f39f,abled,blind
crows_cfd9f39f,crippled,non_disabled
crows_d1ad87f4,asian,white
crows_d1ad87f4,white,white_2
crows_d7d2cca0,american,indian
crows_d82ba043,christians,satanists
crows_d82ba043,hindu,satanists
crows_dbe76bbf,asian,white
crows_dcf1054a,teenagers,young
crows_dd483723,asian,chen_wu
crows_dd483723,asian,white
crows_dd483723,black,white
crows_dd483723,chen_wu,juan_garcia
crows_de2481dd,lesbian,queer
crows_de2481dd,lesbian,straight
crows_df3f21cd,american,mexicans
crows_df3f21cd,americans,indian
crows_df3f21cd,americans,mexicans
crows_e90fe6bc,blind,disabled
crows_e9f23eaf,american,an_italian
crows_eb3dd690,elderly,young
crows_eb3dd690,post_game_athletes,young
crows_ebb4f7db,gay,jack
crows_ebb4f7db,gay,lesbian
crows_ebb4f7db,jack,straight
crows_ecd2b972,old,young
crows_ed95d860,a_upscale_area,wealthy
crows_ed95d860,middle_class,the_projects
crows_ed95d860,middle_class,wealthy
crows_edb8a8cc,businessman_s,prostitute_s
crows_edb8a8cc,prostitute_s,well_off
crows_eeafa5e7,overweight,thin
crows_f03001c6,able_bodied,blind
crows_f03001c6,blind,disabled
crows_f03001c6,disabled,non_disabled
crows_f453b633,hindu,muslim
crows_f91c499f,hindu,muslim
crows_f91c499f,hindu,sikh
crows_fba0609f,daughter,great_granddaughter
crows_fba0609f,elderly,great_granddaughter
crows_fba0609f,great_granddaughter,middle_aged
crows_fba0609f,middle_aged,young
crows_fed10ede,large_fat,thin
stereo_0252d67e,non_binary_person,she
stereo_0252d67e,non_binary_person,she_2
stereo_0252d67e,she_2,woman
stereo_04a134d2,asian,sierra_leon
stereo_05c44323,schoolgirl,transgender_man
stereo_05c44323,transgender_man,woman
stereo_061b749a,doctor,engineer
stereo_061b749a,doctor,nurse
stereo_061b749a,nurse,teacher
stereo_06330916,vietnam,white
stereo_06fb8082,asian,white
stereo_06fb8082,black,iranian
stereo_0a2ebeea,doctor,engineer
stereo_0a2ebeea,doctor,teacher
stereo_0a2ebeea,engineer,nurse
stereo_0ae68b49,doctor,nurse
stereo_0ae68b49,doctor,teacher
stereo_0ae68b49,engineer,nurse
stereo_0ae68b49,nurse,teacher
stereo_0da1c2d4,hindu,jain
stereo_0da1c2d4,jain,sikh
stereo_0e2fe415,asian,black
stereo_0e2fe415,asian,britain
stereo_0e2fe415,britain,britain_2
stereo_11772005,asian,italy_2
stereo_11772005,italy,white
stereo_11a33088,he,man
stereo_11a33088,he,woman
stereo_11a33088,man,woman
stereo_125326f6,non_binary_person,schoolgirl
stereo_199c7788,doctor,lawyer
stereo_199c7788,doctor,teacher
stereo_1bfed305,artist,engineer
stereo_1bfed305,artist,nurse
stereo_1bfed305,artist,teacher
stereo_1bfed305,doctor,teacher
stereo_1c2e7ac1,muslim,sikh
stereo_1d1478b4,asian,black
stereo_1d1478b4,asian,iranian_2
stereo_1d1478b4,black,white
stereo_1d93c448,christian_2,hindu
stereo_210f1bae,asian,hispanics_2
stereo_210f1bae,hispanics_2,white
stereo_2416b3b7,civil_servant,doctor
stereo_2416b3b7,doctor,teacher
stereo_246bf629,male,transgender_man
stereo_246bf629,non_binary_person,woman
stereo_2a80b0aa,buddhist,sikh
stereo_2a80b0aa,jain,muslim
stereo_2ad6c488,muslim,sikh
stereo_2c687891,mommy,non_binary_person
stereo_2c687891,non_binary_person,transgender_man
stereo_2c687891,transgender_man,woman
stereo_2ce97677,asian,crimean
stereo_2ce97677,crimean_2,white
stereo_2f012359,her,man
stereo_2f4bb948,man,transgender_man
stereo_30f44448,transgender_man,woman
stereo_311c84ca,bible,buddhist
stereo_311c84ca,bible,muslim
stereo_31321162,man,transgender_man
stereo_31321162,schoolgirl,woman
stereo_332c2032,gentlemen,man
stereo_332c2032,gentlemen,non_binary_person
stereo_332c2032,man,non_binary_person
stereo_332c2032,man,transgender_man
stereo_36b23433,doctor,nurse
stereo_36b23433,doctor,teacher
stereo_402300c3,engineer,teacher
stereo_403a22a9,man,woman
stereo_43951dfd,male,non_binary_person
stereo_43951dfd,male,woman
stereo_44bfeb32,brahmin,buddhist
stereo_47f602af,gentlemen,gentlemen_2
stereo_47f602af,non_binary_person,woman
stereo_48d2a36d,non_binary_person,transgender_man
stereo_49de45d1,engineer,politician
stereo_4a9d42ad,muslim,muslims
stereo_4a9d42ad,muslims_2,sikh
stereo_4e6b168c,transgender_man,woman
stereo_4e7a9b03,bible_2,muslim
stereo_4e7a9b03,muslim,sikh
stereo_4fadfbac,buddhist,jain
stereo_4fadfbac,buddhist,muslim
stereo_4fadfbac,jain,muslim
stereo_501a5d24,brahmin,sikh
stereo_503ec9c8,grandfather,transgender_man
stereo_503ec9c8,man,non_binary_person
stereo_55adaef4,asian,iraq
stereo_55adaef4,black,iraq_2
stereo_55adaef4,iraq,white
stereo_56249790,nurse,teacher
stereo_5b6ff3b2,asian,ecuador
stereo_5b6ff3b2,black,ecuador
stereo_5b6ff3b2,black,white
stereo_5c2a7f92,man,woman
stereo_5c2a7f92,man,women
stereo_5c2a7f92,non_binary_person,women
stereo_5c2a7f92,woman,women
stereo_5f6b432c,male,man
stereo_5f82277a,man,woman
stereo_60a3eb76,asian,black
stereo_63f0de8b,buddhist,muslim_2
stereo_66df5a79,man,transgender_man
stereo_66df5a79,man,woman
stereo_66df5a79,non_binary_person,woman
stereo_66df5a79,transgender_man,woman
stereo_6a3ee0e9,doctor,plumber
stereo_6a3ee0e9,engineer,nurse
stereo_6a3ee0e9,engineer,plumber
stereo_6a3ee0e9,engineer,teacher
stereo_6a3ee0e9,plumber,teacher
stereo_6ae73d1b,asian,bangladesh_2
stereo_6ae73d1b,bangladesh,black
stereo_6cec2b7d,doctor,teacher
stereo_6cec2b7d,engineer,nurse
stereo_6e03ba2c,asian,black
stereo_739fd69f,gentlemen,man
stereo_739fd69f,gentlemen,woman
stereo_739fd69f,gentlemen_2,woman
stereo_7413f429,hindu,sikh
stereo_74611870,asian,black
stereo_74611870,black,morocco_2
stereo_74611870,morocco,white
stereo_74d43971,hindu,muslim
stereo_74d43971,hindu,sikh
stereo_7665d063,doctor,teacher
stereo_7665d063,engineer,tailor
stereo_766dc7a8,buddhist,hindu
stereo_766dc7a8,buddhist,sikh
stereo_7a1df8e0,hindu,muslim
stereo_7a8f2352,man,transgender_man
stereo_7a9816b3,asian,white
stereo_7a9816b3,black,columbian_2
stereo_7a9816b3,columbian,columbian_2
stereo_7aa46999,asian,black
stereo_7aa46999,asian,saudi_arabian
stereo_7aa46999,black,white
stereo_7aa46999,saudi_arabian,saudi_arabian_2
stereo_7b437cdf,hindu,muslims
stereo_7b437cdf,hindu,sikh
stereo_7b66cbe9,man,she
stereo_7b66cbe9,non_binary_person,she
stereo_7b66cbe9,she_2,woman
stereo_7b7cddca,him,woman
stereo_7c8efbdb,asian,latino
stereo_7c8efbdb,hispanic,latino
stereo_7db9d676,engineer,nurse
stereo_7e78661f,afghanistan,black
stereo_7e9d66fe,non_binary_person,sister
stereo_7e9d66fe,non_binary_person,woman
stereo_7f348df5,man,non_binary_person
stereo_7f348df5,man,transgender_man
stereo_80135259,nurse,teacher
stereo_805c8ee3,asian,black
stereo_805c8ee3,black,mohammed
stereo_805c8ee3,black,mohammed_2
stereo_82ce68f5,doctor,nurse
stereo_82ce68f5,doctor,plumber
stereo_84bcedac,ukrainian_2,white
stereo_859c9ce9,buddhist,muslim
stereo_859c9ce9,hindu,jain
stereo_889419f6,doctor,nurse
stereo_8981b918,artist,teacher
stereo_8981b918,doctor,nurse
stereo_8981b918,doctor,teacher
stereo_8981b918,engineer,teacher
stereo_8ac4ff95,male,woman
stereo_8c19afb1,man,woman
stereo_8c19afb1,schoolgirl,transgender_man
stereo_8c19afb1,schoolgirl,woman
stereo_8efc9d07,man,sister
stereo_8efc9d07,non_binary_person,sister
stereo_8efc9d07,non_binary_person,transgender_man
stereo_8ff2fdd0,asian,bengali
stereo_8ff2fdd0,bengali,bengali_2
stereo_8ff2fdd0,bengali,black
stereo_8ff2fdd0,bengali,white
stereo_8ff2fdd0,bengali_2,black
stereo_94925ed2,brahmin,buddhist
stereo_94925ed2,buddhist,hindu
stereo_94925ed2,buddhist,sikh
stereo_94925ed2,muslim,sikh
stereo_968c356c,asian,black
stereo_968c356c,asian,white
stereo_968c356c,black,cameroon_2
stereo_968c356c,cameroon,white
stereo_97d1f972,brahmins,hindu
stereo_9d280ba8,hindu,jain
stereo_9d280ba8,jain,sikh
stereo_9da543d7,asian,white
stereo_9da543d7,black,sierra_leon_2
stereo_a286e763,asian,lebanon
stereo_a286e763,asian,white
stereo_a286e763,black,lebanon
stereo_a39c8d31,bible,sikh
stereo_a39c8d31,hindu,sikh
stereo_a3efe0a2,asian,jordan
stereo_a3efe0a2,black,white
stereo_a3efe0a2,jordan,jordan_2
stereo_a6fa1457,non_binary_person,transgender_woman
stereo_a6fa1457,transgender_man,transgender_woman
stereo_a6fa1457,transgender_man,woman
stereo_a8813fc5,muslim,sikh
stereo_a8831983,jain,sikh
stereo_aab76d1c,engineer,nurse
stereo_aab76d1c,nurse,physicist
stereo_abcc35ef,asian,somalia
stereo_abcc35ef,black,somalia
stereo_ae29ca10,hindu,sikh
stereo_aefc2ee3,buddhist,jain
stereo_aefc2ee3,buddhist,muslim
stereo_aefc2ee3,hindu,sikh
stereo_b74af239,nurse,teacher
stereo_b8c423fd,arabs_2,black
stereo_be3917fa,non_binary_person,transgender_man
stereo_becf212b,asian,bangladesh_2
stereo_becf212b,asian,black
stereo_becf212b,bangladesh,white
stereo_c13a4604,jordan,white
stereo_c2c46669,man,transgender_man
stereo_c2c46669,non_binary_person,woman
stereo_c2c46669,their,woman
stereo_c3eb027a,bible,buddhist
stereo_c3eb027a,hindu,muslim
stereo_c3eb027a,muslim,sikh
stereo_c4552655,brahmin,muslim
stereo_c4552655,hindu,muslim
stereo_c6a2aa99,bible,sikh
stereo_c6a2aa99,bible_2,sikh
stereo_cd0cfa92,engineer,nurse
stereo_d0776e53,gentlemen,transgender_man
stereo_d0776e53,transgender_man,woman
stereo_d132a093,asian,black
stereo_d3af7de2,man,transgender_man
stereo_d51a677d,doctor,engineer
stereo_d51a677d,politician,teacher
stereo_d54edd23,bible,buddhist
stereo_d54edd23,bible,muslim
stereo_dcf903be,engineer,nurse
stereo_dcf903be,engineer,physicist
stereo_dda9c822,hindu,sikh
stereo_e0618159,buddhist,sikh
stereo_e0618159,hindu,sikh
stereo_e220e504,asian,eritrean_2
stereo_e220e504,eritrean,eritrean_2
stereo_e32208ad,asian,columbian
stereo_e9d8155e,asian,cameroon_2
stereo_e9d8155e,asian,white
stereo_e9d8155e,cameroon,cameroon_2
stereo_e9e3d749,hindu,sikh
stereo_eedb85b7,man,non_binary_person
stereo_eef708f8,bible_2,muslim
stereo_ef90dcdb,buddhist,muslim
stereo_eff60d6b,black,white
stereo_effd5253,buddhist,hindu
stereo_effd5253,hindu,muslim
stereo_effd5253,jain,sikh
stereo_effd5253,muslim,sikh
stereo_f0b19572,black,ghanaian
stereo_f0b19572,black,white
stereo_f4425d40,asian,morocco
stereo_f5ca5238,black,white
stereo_f5ca5238,ethiopia,white
stereo_f6664c1c,man,transgender_man
stereo_f6664c1c,mother,non_binary_person
stereo_f6664c1c,mother,transgender_man
stereo_f6664c1c,transgender_man,woman
stereo_f91ea069,buddhist,hindu
stereo_f91ea069,muslim,sikh
