model_name,phase,scope,x,y,spearman,lo,hi,n,n_seeds
llama-3.1-8b-instruct,dev,all_edited_conditions,energy_total_A,p_gold_loss_A,-0.19999999999999998,-1.0,0.5,9,3
llama-3.1-8b-instruct,dev,all_edited_conditions,energy_total_A,acc_loss_A,,,,9,3
llama-3.1-8b-instruct,dev,all_edited_conditions,energy_total_A,absC_change,-0.25104822262671694,-0.5,0.5,9,3
llama-3.1-8b-instruct,dev,targeted_only,energy_total_A,p_gold_loss_A,-0.028571428571428574,-1.0,1.0,6,3
llama-3.1-8b-instruct,dev,targeted_only,energy_total_A,acc_loss_A,,,,6,3
llama-3.1-8b-instruct,dev,targeted_only,energy_total_A,absC_change,-0.028571428571428574,-1.0,1.0,6,3
llama-3.1-8b-instruct,dev,random_only,energy_total_A,p_gold_loss_A,,,,3,3
llama-3.1-8b-instruct,dev,random_only,energy_total_A,acc_loss_A,,,,3,3
llama-3.1-8b-instruct,dev,random_only,energy_total_A,absC_change,,,,3,3
