model_name,phase,account,condition,n_items,n_seeds,n_prompts_scored,absC_mean,absC_mean_lo,absC_mean_hi,absC_change_vs_unedited,absC_change_vs_unedited_lo,absC_change_vs_unedited_hi,opt_acc,opt_acc_lo,opt_acc_hi,acc_loss_vs_unedited,acc_loss_vs_unedited_lo,acc_loss_vs_unedited_hi,n_paired_prompts,p_gold_mean,p_gold_loss_vs_unedited,p_gold_loss_vs_unedited_lo,p_gold_loss_vs_unedited_hi,energy_total_A_mean,energy_audit_mean,alpha,sec_mean,kind,matched_to,energy_target,feasible
gemma-2-2b-it,dev,magnitude,unedited,60,60,116,0.6817138671875,0.5207668050130209,0.8742106119791664,0.0,0.0,0.0,0.4482758620689655,0.3332627118644067,0.5690576186265837,-0.0,-0.0,-0.0,116,0.4429590205324359,-0.0,-0.0,-0.0,,,0.0,0.1766754587491353,none,,,True
gemma-2-2b-it,dev,magnitude,targeted,60,60,116,0.49404296875,0.3717431640625,0.6374959309895831,-0.1876708984375,-0.3073244222005208,-0.0761098225911458,0.5948275862068966,0.4871794871794871,0.7094017094017094,-0.146551724137931,-0.2327586206896551,-0.0689507810197465,116,0.5652887295684055,-0.1223297090359694,-0.1833231113169123,-0.0677347647555934,0.0143977644157209,0.0153714921089938,1.0,0.2385928988456726,targeted,operating,0.0161161978070049,True
gemma-2-2b-it,dev,magnitude,random_1_matched,60,60,116,0.687353515625,0.5131632486979166,0.8800036621093745,0.0056396484375,-0.0430096435546875,0.0534163411458332,0.4396551724137931,0.3220338983050847,0.5641304347826085,0.0086206896551724,-0.0,0.0260869565217391,116,0.4435129416447662,-0.0005539211123301,-0.0053889116081663,0.0043696101501458,0.0004742866878773,0.0005091850355642,1.0,0.238491932551066,random,targeted energy,0.0161161978070049,True
gemma-2-2b-it,dev,magnitude,targeted_at_random_1_energy,60,60,116,0.7086018880208333,0.5529266357421876,0.8949755859374998,0.0268880208333333,-0.0504429117838541,0.1016532389322916,0.396551724137931,0.2844827586206896,0.5213768115942029,0.0517241379310344,0.0087719298245614,0.1025641025641025,116,0.4214794135322846,0.0214796070001513,0.002289801606772,0.0417569243992672,0.0006916867099847,0.0010871773408963,0.1159539009080868,0.2375830014546712,targeted,random_1 energy at alpha=1,0.0004422188354623,True
gemma-2-2b-it,dev,magnitude,random_2_matched,60,60,116,0.65938720703125,0.4975309244791667,0.8477344767252603,-0.02232666015625,-0.0659560139973958,0.0205213419596353,0.4482758620689655,0.330363568215892,0.5739130434782609,-0.0,-0.0258620689655172,0.0254237288135593,116,0.4423653321447131,0.0005936883877227,-0.004821663265727,0.005494413412377,0.0004926659209597,0.0005045064085108,1.0,0.238610823949178,random,targeted energy,0.0161161978070049,True
gemma-2-2b-it,dev,magnitude,targeted_at_random_2_energy,60,60,116,0.66175537109375,0.5025749715169271,0.844083557128906,-0.01995849609375,-0.0984456380208333,0.0553033447265624,0.396551724137931,0.2844827586206896,0.5213768115942029,0.0517241379310344,0.0087719298245614,0.1025641025641025,116,0.4208207317506068,0.022138288781829,0.0011224413430981,0.04380606643328,0.0007410439877379,0.0011770135308004,0.1230594896681734,0.2376600265502929,targeted,random_2 energy at alpha=1,0.0004980772764972,True
gemma-2-2b-it,dev,magnitude,random_3_matched,60,60,116,0.6474461873372396,0.490619748433431,0.8401720555623372,-0.0342676798502604,-0.0752394612630208,0.009088274637858,0.4568965517241379,0.3389830508474576,0.5790035987404406,-0.0086206896551724,-0.0260869565217391,-0.0,116,0.4512115131670042,-0.0082524926345682,-0.0188196007114709,-0.0006994391327513,0.0003122832103216,0.0003751892985675,1.0,0.2386554876963297,random,targeted energy,0.0161161978070049,True
gemma-2-2b-it,dev,magnitude,targeted_at_random_3_energy,60,60,116,0.707891845703125,0.5342268880208333,0.9122432454427084,0.026177978515625,-0.0557771809895833,0.1174236551920572,0.3879310344827586,0.2758620689655172,0.5128260869565217,0.0603448275862069,0.0172413793103448,0.1111111111111111,116,0.4206408058030402,0.0223182147293956,0.0031645599341127,0.0417098322833767,0.0005656797797608,0.0008589697806951,0.0978647370747784,0.2376872142155965,targeted,random_3 energy at alpha=1,0.0003150061091547,True
gemma-2-2b-it,dev,magnitude,neutral_matched,60,60,116,0.6834147135416667,0.5210626220703125,0.8790323893229166,0.0017008463541666,-0.0591770426432291,0.0583382161458333,0.4137931034482758,0.2991452991452991,0.5391304347826087,0.0344827586206896,-0.017094017094017,0.0869565217391304,116,0.4307987321156476,0.0121602884167883,-0.0071517714898961,0.0319305549049737,0.0086832028403742,0.0052455344115039,1.0,0.2376860777537028,neutral,targeted energy,0.0161161978070049,True
gemma-2-2b-it,dev,magnitude,targeted_at_neutral_energy,60,60,116,0.539306640625,0.4112109375,0.6924348958333332,-0.1424072265625,-0.2612998453776041,-0.03090576171875,0.5517241379310345,0.4434782608695652,0.6667372881355929,-0.1034482758620689,-0.1826086956521739,-0.0347751124437781,116,0.5479345415017745,-0.1049755209693385,-0.1608598427682941,-0.0557942399472174,0.0082443901901115,0.009503463908592,0.7403859572468737,0.2376821955045064,targeted,neutral energy at alpha=1,0.0088344381615698,True
gemma-2-2b-it,test,magnitude,unedited,160,160,316,0.685687255859375,0.5927284240722656,0.7865368652343749,0.0,0.0,0.0,0.4430379746835443,0.3690727877537814,0.5125786163522013,-0.0,-0.0,-0.0,316,0.4591092364603895,-0.0,-0.0,-0.0,,,0.0,0.1800580739974975,none,,,True
gemma-2-2b-it,test,magnitude,targeted,160,160,316,0.5715087890625,0.4940394592285156,0.6573300170898437,-0.114178466796875,-0.186120376586914,-0.0436518859863282,0.5759493670886076,0.5062511230907457,0.6435331230283912,-0.1329113924050632,-0.1855345911949685,-0.0825331525015069,316,0.5630429466713939,-0.1039337102110043,-0.144930022010706,-0.0629880814652855,0.0135586932994374,0.0151089424200869,1.0,0.2396928235888481,targeted,operating,0.0161161978070049,True
gemma-2-2b-it,test,magnitude,random_1_matched,160,160,316,0.69156494140625,0.5928460693359375,0.7949755859375,0.005877685546875,-0.0245021057128906,0.0383122253417968,0.4493670886075949,0.3765822784810126,0.5173529117219969,-0.0063291139240506,-0.0158240405866988,-0.0,316,0.458376716994719,0.0007325194656705,-0.0021172831524186,0.0031745463077628,0.0004815823139254,0.0004829425134827,1.0,0.240036118030548,random,targeted energy,0.0161161978070049,True
gemma-2-2b-it,test,magnitude,targeted_at_random_1_energy,160,160,316,0.6624725341796875,0.5720177459716796,0.7587325668334961,-0.0232147216796875,-0.0641308212280273,0.0193682861328124,0.4525316455696203,0.3785488958990536,0.5205079865805418,-0.0094936708860759,-0.0285714285714285,0.0063694267515923,316,0.4549401172541457,0.0041691192062438,-0.0037946219046028,0.0123582874931613,0.0007284190737185,0.0010462002709463,0.1159539009080868,0.240550397336483,targeted,random_1 energy at alpha=1,0.0004422188354623,True
gemma-2-2b-it,test,magnitude,random_2_matched,160,160,316,0.6708755493164062,0.5794295883178711,0.7694913482666015,-0.0148117065429687,-0.045990982055664,0.0134724044799804,0.4430379746835443,0.3690727877537814,0.5125786163522013,-0.0,-0.0,-0.0,316,0.4598599319567709,-0.0007506954963814,-0.0026424078708752,0.0010995922060063,0.0004977134011597,0.0004870424076085,1.0,0.24130869358778,random,targeted energy,0.0161161978070049,True
gemma-2-2b-it,test,magnitude,targeted_at_random_2_energy,160,160,316,0.6406217575073242,0.5530190706253052,0.7336399745941161,-0.0450654983520507,-0.0900554418563842,5.874156951898887e-05,0.4493670886075949,0.3765822784810126,0.5160587539432175,-0.0063291139240506,-0.028391167192429,0.0126582278481012,316,0.4559504086961904,0.0031588277641991,-0.0054656254385134,0.0118223760181174,0.0007804544967352,0.0011336362726376,0.1230594896681734,0.2391570091247558,targeted,random_2 energy at alpha=1,0.0004980772764972,True
gemma-2-2b-it,test,magnitude,random_3_matched,160,160,316,0.6782984137535095,0.584576644897461,0.7822186908125878,-0.0073888421058654,-0.0393306890130043,0.0239605712890624,0.439873417721519,0.3659169497694734,0.5078864353312302,0.0031645569620253,-0.0,0.0095238095238095,316,0.4589664033874637,0.0001428330729259,-0.002019539105688,0.0022817247945536,0.0003169986627994,0.0004254554237116,1.0,0.2400108873844146,random,targeted energy,0.0161161978070049,True
gemma-2-2b-it,test,magnitude,targeted_at_random_3_energy,160,160,316,0.6589740753173828,0.5669268035888672,0.7571102142333984,-0.0267131805419921,-0.0695723724365234,0.0140551471710204,0.4462025316455696,0.3734177215189873,0.5126966617418038,-0.0031645569620253,-0.0221518987341772,0.0126182965299684,316,0.4528044819857297,0.0063047544746599,-0.0006076133406004,0.013318139545867,0.0005961281642775,0.0008244848964407,0.0978647370747784,0.2392366304993629,targeted,random_3 energy at alpha=1,0.0003150061091547,True
gemma-2-2b-it,test,magnitude,neutral_matched,160,160,316,0.6669448852539063,0.574603271484375,0.7641156768798827,-0.0187423706054687,-0.0529862976074218,0.0162251281738281,0.4367088607594936,0.3618980233602875,0.5031645569620253,0.0063291139240506,-0.0064658810054851,0.0220125786163522,316,0.44813369731872,0.0109755391416695,0.0027280952825253,0.0199630641377461,0.0085564016428969,0.0050413773492224,1.0,0.2392480432987213,neutral,targeted energy,0.0161161978070049,True
gemma-2-2b-it,test,magnitude,targeted_at_neutral_energy,160,160,316,0.5984950542449952,0.5187825775146484,0.6854830932617187,-0.0871922016143798,-0.1633003151416778,-0.0140515792369842,0.5506329113924051,0.4794952681388013,0.6132075471698113,-0.1075949367088607,-0.1533729680310244,-0.0628930817610062,316,0.5489147723279282,-0.0898055358675386,-0.1254142172507626,-0.0529264476811033,0.0078529227553686,0.0092965353491456,0.7403859572468737,0.239345408976078,targeted,neutral energy at alpha=1,0.0088344381615698,True
qwen2.5-7b-instruct,dev,magnitude,unedited,60,60,117,0.6473353068033855,0.455979741414388,0.8602109400431314,0.0,0.0,0.0,0.5897435897435898,0.4700854700854701,0.703439013317191,-0.0,-0.0,-0.0,117,0.5794972727072888,-0.0,-0.0,-0.0,,,0.0,0.4248305002848307,none,,,True
qwen2.5-7b-instruct,dev,magnitude,targeted,60,60,117,0.554608154296875,0.3847221374511718,0.7476352437337239,-0.0927271525065104,-0.2038507080078125,-0.0009520975748697,0.5897435897435898,0.4823695267580716,0.6983403330386085,-0.0,-0.0598290598290598,0.0603448275862069,117,0.5880923258715206,-0.008595053164232,-0.059835199549508,0.0472003902858623,0.0237278977641423,0.0111717430171989,1.0,0.5159833749135335,targeted,operating,0.0209569416702961,True
qwen2.5-7b-instruct,dev,magnitude,random_1_matched,60,60,117,0.6124506632486979,0.4323082097371419,0.8154691696166988,-0.0348846435546875,-0.0714262008666992,0.0046520487467447,0.5982905982905983,0.4741379310344827,0.7130434782608696,-0.0085470085470085,-0.0260869565217391,-0.0,117,0.5821299390165627,-0.0026326663092738,-0.0102870950851682,0.0036181479349855,0.0004775146355947,0.0002895159805102,1.0,0.5173990646998088,random,targeted energy,0.0209569416702961,True
qwen2.5-7b-instruct,dev,magnitude,targeted_at_random_1_energy,60,60,117,0.6352427164713542,0.4407954915364583,0.8490867106119792,-0.0120925903320312,-0.0790169016520182,0.0529176839192707,0.5726495726495726,0.4482758620689655,0.6897214854111403,0.017094017094017,-0.0168067226890756,0.0512820512820512,117,0.5601225552748479,0.0193747174324409,7.924608193061268e-05,0.0436320870572057,0.0007735251431157,0.0006363234572228,0.107059857789041,0.5171056667963664,targeted,random_1 energy at alpha=1,0.000490213366564,True
qwen2.5-7b-instruct,dev,magnitude,random_2_matched,60,60,117,0.6413167317708334,0.4463794962565104,0.8600567626953125,-0.006018575032552,-0.0372274525960286,0.0245954895019531,0.5897435897435898,0.4661016949152542,0.7034137803979366,-0.0,-0.0256410256410256,0.0254237288135593,117,0.5775136657451541,0.0019836069621347,-0.0031144468254939,0.0073021047981442,0.000237793158096,0.0002564267169682,1.0,0.5171002348264059,random,targeted energy,0.0209569416702961,True
qwen2.5-7b-instruct,dev,magnitude,targeted_at_random_2_energy,60,60,117,0.6443583170572916,0.4523482259114583,0.8606032816569008,-0.0029769897460937,-0.0565438588460286,0.0484609985351562,0.5811965811965812,0.4568965517241379,0.6956521739130435,0.0085470085470085,-0.0172451274362818,0.0347826086956521,117,0.5664146889701105,0.0130825837371782,-0.0017200024386217,0.0307044412118144,0.0004900786747373,0.0003944297506207,0.0761288271173001,0.5149989247322082,targeted,random_2 energy at alpha=1,0.000247873501837,True
qwen2.5-7b-instruct,dev,magnitude,random_3_matched,60,60,117,0.6344970703125,0.4453755696614583,0.8460384114583333,-0.0128382364908854,-0.0441862487792968,0.019511858622233,0.5982905982905983,0.4741379310344827,0.7130434782608696,-0.0085470085470085,-0.0260869565217391,-0.0,117,0.5766497929889771,0.0028474797183116,-0.0026020979950394,0.0088707477371953,0.0002133572439759,0.0002284458893636,1.0,0.5166831334431966,random,targeted energy,0.0209569416702961,True
qwen2.5-7b-instruct,dev,magnitude,targeted_at_random_3_energy,60,60,117,0.6460042317708333,0.4565810139973958,0.8583815511067704,-0.001331075032552,-0.0524524052937825,0.0506831995646158,0.5811965811965812,0.4568965517241379,0.6956521739130435,0.0085470085470085,-0.0172451274362818,0.0347826086956521,117,0.5667244709606267,0.0127728017466619,-0.0012343975828118,0.0296136362313878,0.0004403883170757,0.0003523245684852,0.0706029409640668,0.5145507693290711,targeted,random_3 energy at alpha=1,0.0002131951931246,True
qwen2.5-7b-instruct,dev,magnitude,neutral_matched,60,60,117,0.6558832804361979,0.4584805297851562,0.8800805791219073,0.0085479736328125,-0.0260843149820963,0.0435585403442382,0.6068376068376068,0.4873895712131006,0.7155459770114941,-0.017094017094017,-0.0517241379310344,0.0169491525423728,117,0.5730684436692894,0.0064288290379992,-0.00366767284915,0.0174341458822039,0.0087166624001916,0.0032487605330726,1.0,0.5145806868871053,neutral,targeted energy,0.0209569416702961,True
qwen2.5-7b-instruct,dev,magnitude,targeted_at_neutral_energy,60,60,117,0.5630574544270833,0.3902156575520834,0.7551603190104164,-0.084277852376302,-0.1711303456624349,-0.0068704477945964,0.5982905982905983,0.4869565217391304,0.7068965517241379,-0.0085470085470085,-0.0598290598290598,0.0427350427350427,117,0.5844218718845605,-0.0049245991772714,-0.046327820121386,0.0371365755020439,0.0093197450837766,0.0054266044204103,0.6357012889062155,0.5148996949195862,targeted,neutral energy at alpha=1,0.0084690381375485,True
qwen2.5-7b-instruct,test,magnitude,unedited,160,160,316,0.6630706787109375,0.5474079322814942,0.7860062503814697,0.0,0.0,0.0,0.6550632911392406,0.5930599369085173,0.7165710251171733,-0.0,-0.0,-0.0,316,0.6144460838084035,-0.0,-0.0,-0.0,,,0.0,0.4267549306154251,none,,,True
qwen2.5-7b-instruct,test,magnitude,targeted,160,160,316,0.5872692108154297,0.4902602005004883,0.7017230987548824,-0.0758014678955078,-0.1456663608551025,-0.0044759082794189,0.6740506329113924,0.6075949367088608,0.7356687898089171,-0.0189873417721519,-0.0599369085173501,0.0220125786163522,316,0.6467576333488024,-0.032311549540399,-0.0582172560268755,-0.0074714228706001,0.0244925344695169,0.0102158325358607,1.0,0.5131470754742622,targeted,operating,0.0209569416702961,True
qwen2.5-7b-instruct,test,magnitude,random_1_matched,160,160,316,0.6514640808105469,0.5352768707275392,0.7766831970214843,-0.0116065979003906,-0.0366290855407714,0.0126548671722412,0.6455696202531646,0.580952380952381,0.7066246056782335,0.0094936708860759,-0.0094339622641509,0.0284810126582278,316,0.6130620887893479,0.0013839950190556,-0.0024624233341082,0.0052995776288799,0.0005247595864978,0.0003096612581231,1.0,0.5139935821294784,random,targeted energy,0.0209569416702961,True
qwen2.5-7b-instruct,test,magnitude,targeted_at_random_1_energy,160,160,316,0.6667743682861328,0.5510622596740723,0.7993351650238038,0.0037036895751953,-0.0303096485137939,0.0410223293304443,0.6550632911392406,0.5899013184502143,0.7169811320754716,-0.0,-0.0252385896258435,0.0253164556962025,316,0.6124351949814233,0.0020108888269802,-0.0057833525715853,0.0102907101449586,0.0007784913785136,0.0005898769957858,0.107059857789041,0.5114704504609108,targeted,random_1 energy at alpha=1,0.000490213366564,True
qwen2.5-7b-instruct,test,magnitude,random_2_matched,160,160,316,0.647296142578125,0.5346874237060547,0.7731885910034179,-0.0157745361328125,-0.0366332149505615,0.0046169662475585,0.6487341772151899,0.5854430379746836,0.7102036013299683,0.0063291139240506,-0.0094339622641509,0.0221518987341772,316,0.608166420875132,0.0062796629332715,0.0022730660831684,0.0103938017768837,0.000234433344074,0.0002523531517449,1.0,0.5138022929430008,random,targeted energy,0.0209569416702961,True
qwen2.5-7b-instruct,test,magnitude,targeted_at_random_2_energy,160,160,316,0.6777084350585938,0.5571261024475098,0.8076893234252929,0.0146377563476562,-0.0188941383361816,0.0514186573028564,0.6455696202531646,0.5822784810126582,0.7083465189873417,0.0094936708860759,-0.0126182965299684,0.0316455696202531,316,0.6111813964846035,0.0032646873237999,-0.0034065134024022,0.0106088252487603,0.0004896904097699,0.000362307111282,0.0761288271173001,0.5113896012306214,targeted,random_2 energy at alpha=1,0.000247873501837,True
qwen2.5-7b-instruct,test,magnitude,random_3_matched,160,160,316,0.6564262390136719,0.5373259162902833,0.781834316253662,-0.0066444396972656,-0.0285114669799804,0.0136803817749022,0.6550632911392406,0.5917721518987342,0.7165605095541401,-0.0,-0.0157245104458067,0.0157728706624605,316,0.6116318911017474,0.002814192706656,-0.0014296665526474,0.0072427668815263,0.0002080591679872,0.0002208526775957,1.0,0.5147295668721199,random,targeted energy,0.0209569416702961,True
qwen2.5-7b-instruct,test,magnitude,targeted_at_random_3_energy,160,160,316,0.6618981838226319,0.5442206740379333,0.7906868267059325,-0.0011724948883056,-0.0311521339416503,0.028351240158081,0.6455696202531646,0.5822784810126582,0.7066341497719464,0.0094936708860759,-0.0094637223974763,0.0285714285714285,316,0.6119303613000299,0.0025157225083735,-0.0042968932875535,0.0093099484799268,0.0004393665505276,0.0003230564430176,0.0706029409640668,0.5114740237593651,targeted,random_3 energy at alpha=1,0.0002131951931246,True
qwen2.5-7b-instruct,test,magnitude,neutral_matched,160,160,316,0.6598079681396485,0.5392134761810303,0.7887293052673339,-0.003262710571289,-0.0304655361175537,0.0248859691619872,0.6582278481012658,0.5962145110410094,0.7188498402555911,-0.0031645569620253,-0.0222222222222222,0.0159757208978454,316,0.6154879962409098,-0.0010419124325062,-0.0099548080596822,0.0072923899292871,0.0077517201895331,0.002868838513154,1.0,0.5127673372626305,neutral,targeted energy,0.0209569416702961,True
qwen2.5-7b-instruct,test,magnitude,targeted_at_neutral_energy,160,160,316,0.6015945434570312,0.4953216934204101,0.7229465866088866,-0.0614761352539062,-0.1231289863586425,-0.0016842174530029,0.6835443037974683,0.6190476190476191,0.7452244321595961,-0.0284810126582278,-0.0662460567823343,0.0063492063492063,316,0.6369823346251057,-0.0225362508167022,-0.0447468766137356,-8.683834886168978e-05,0.0096950121821705,0.0049075861679629,0.6357012889062155,0.5115694105625153,targeted,neutral energy at alpha=1,0.0084690381375485,True
