layer,dim,rank_in_layer,mean_abs,ratio_to_median,cv_across_prompts,bos_ratio,qualifies_ratio,in_old_top_variance,selected,n_stable_candidates,cv_max,ratio_min
0,291,1,0.14895349496423715,14.617487158528158,0.07953370247375428,249.93648263046694,False,True,True,4096,0.5,50.0
0,4055,2,0.14547061462436214,14.275696194475676,0.09587488076707526,9.248033195490821,False,True,True,4096,0.5,50.0
0,2485,3,0.09596456579580362,9.417441386861613,0.0977790825564059,7.954266893530964,False,False,True,4096,0.5,50.0
0,3008,4,0.09527147755795942,9.349425470760774,0.22777788597440052,20.891929913129523,False,True,True,4096,0.5,50.0
0,2646,5,0.0946503732524393,9.288473666895905,0.1196667121521566,9.008446843276033,False,False,True,4096,0.5,50.0
1,4055,1,0.2524730451306302,16.883008988596085,0.1403845493727697,902.7522966981304,False,True,True,4096,0.5,50.0
1,291,2,0.16213616139431725,10.84213274641027,0.13737226662300722,493.17023615916384,False,True,True,4096,0.5,50.0
1,2485,3,0.13176838204418467,8.811422927598844,0.11726443062398907,192.2528039264537,False,False,True,4096,0.5,50.0
1,1039,4,0.1311135398038207,8.767633273045991,0.14063130097838342,451.3761483490652,False,False,True,4096,0.5,50.0
1,3008,5,0.11595670640581071,7.754087631510847,0.2402032125818031,198.5219170979685,False,True,True,4096,0.5,50.0
2,4055,1,0.49894838248231804,22.06936834806241,0.1330617790485632,583.306420680474,False,True,True,4096,0.5,50.0
2,291,2,0.22291148057535995,9.859768558331618,0.1342118078864719,319.29806440092295,False,True,True,4096,0.5,50.0
2,607,3,0.21396176150509652,9.463906674201105,0.13511109455742848,204.5719200490762,False,False,True,4096,0.5,50.0
2,2485,4,0.2036313239000312,9.00697317024102,0.1171663011374815,127.16632867915547,False,False,True,4096,0.5,50.0
2,1039,5,0.19971818584993023,8.833888161738047,0.1288312048268855,290.2709676372027,False,False,True,4096,0.5,50.0
3,4055,1,0.677449458500484,20.60942792177003,0.18275449376477113,387.8816385567753,False,True,True,4096,0.5,50.0
3,2485,2,0.3002335340728743,9.133731383990424,0.104037568111166,86.98816158810034,False,False,True,4096,0.5,50.0
3,607,3,0.29812064671439664,9.069452936092995,0.15135952968247693,140.70216300588908,False,False,True,4096,0.5,50.0
3,291,4,0.2510496640742612,7.637455298843329,0.17316649537606096,213.90531538057462,False,False,True,4096,0.5,50.0
3,1656,5,0.2376500964516711,7.229812456066657,0.16570950197434317,85.08678100693967,False,False,True,4096,0.5,50.0
4,4055,1,1.1277441259911962,27.66369166695696,0.1726715605353825,303.56015738739023,False,True,True,4092,0.5,50.0
4,2485,2,0.42982313171583186,10.543610304032233,0.11126656558243395,69.75751091477908,False,False,True,4092,0.5,50.0
4,607,3,0.3865719741006606,9.48265448885258,0.17001871811870295,115.75147415529274,False,False,True,4092,0.5,50.0
4,290,4,0.34971740302611876,8.578607668987313,0.12524634595689155,926.0117932423419,False,False,True,4092,0.5,50.0
4,291,5,0.3143282345130184,7.710507340611909,0.17847038221657816,169.41109793589203,False,False,True,4092,0.5,50.0
5,4055,1,1.225709104670286,25.4593889568088,0.21251940980238287,247.95561566270612,False,True,True,4095,0.5,50.0
5,2485,2,0.5403109171102336,11.222879673411464,0.1201945281796659,57.769763858588604,False,False,True,4095,0.5,50.0
5,290,3,0.43824845117447664,9.102924776895897,0.12317232536896384,784.110952148034,False,False,True,4095,0.5,50.0
5,607,4,0.3654976441405274,7.5918067749640326,0.1876812757659421,101.25936137011035,False,False,True,4095,0.5,50.0
5,2646,5,0.33258581622404565,6.90819022597,0.22374205198537922,86.3300965527223,False,False,True,4095,0.5,50.0
6,4055,1,1.5425674988260432,28.150726745217643,0.21567213181562814,208.72599571393934,False,True,True,4094,0.5,50.0
6,2485,2,0.6394536030375874,11.669559782022866,0.12228674372288707,48.75976129383009,False,False,True,4094,0.5,50.0
6,290,3,0.5543400460758858,10.116299722955215,0.11581827342389799,688.909843777155,False,False,True,4094,0.5,50.0
6,912,4,0.39842037638332795,7.270879980182086,0.20929360805864758,95.23836416455701,False,True,True,4094,0.5,50.0
6,2352,5,0.3973680202989285,7.251675252613832,0.18500891151238438,647.848992161298,False,False,True,4094,0.5,50.0
7,4055,1,1.9614864890426422,30.788139548203667,0.17023128747758942,164.81146674322596,False,True,True,4094,0.5,50.0
7,2485,2,0.8078132799275378,12.679703954239399,0.11335064548854677,40.22184605043015,False,False,True,4094,0.5,50.0
7,290,3,0.7821648964642132,12.277118459174329,0.09939495334219416,592.5364637673124,False,False,True,4094,0.5,50.0
7,912,4,0.4948628254002399,7.767530294372427,0.204651793380352,82.40573337161298,False,True,True,4094,0.5,50.0
7,3266,5,0.4844513690790547,7.604108638445991,0.2170098085724548,61.55904486986565,False,False,True,4094,0.5,50.0
8,4055,1,2.4983536808243847,37.12022962722277,0.1340333824000418,151.36461351723,False,True,True,4094,0.5,50.0
8,290,2,0.8901753263826022,13.226114772071329,0.10028107802506608,564.5992945918763,False,False,True,4094,0.5,50.0
8,2485,3,0.8748437989148437,12.998320835405211,0.12573657211327624,37.144690433676075,False,False,True,4094,0.5,50.0
8,3266,4,0.5843879251716165,8.682763429471182,0.2073351001987716,58.96719606346077,False,False,True,4094,0.5,50.0
8,912,5,0.5637567575822886,8.376228096114831,0.20335685268459733,79.3967758019826,False,True,True,4094,0.5,50.0
9,4055,1,2.809317337935502,40.139303935745495,0.14242647277086723,144.66519921458362,False,True,True,4094,0.5,50.0
9,290,2,1.0022932490144405,14.320686670627785,0.0987466096583179,542.9409945831287,False,False,True,4094,0.5,50.0
9,2485,3,0.9704859249366082,13.86622613984236,0.12858642172000073,35.27330474676576,False,False,True,4094,0.5,50.0
9,3266,4,0.6717965664706389,9.598576209397358,0.23088519281036368,57.15168364032934,False,False,True,4094,0.5,50.0
9,1189,5,0.6097057326311857,8.711427286258186,0.2941067690949459,99.12245131369619,False,False,True,4094,0.5,50.0
10,4055,1,2.546876491834987,35.57893284199389,0.1375220598240853,140.56944373640215,False,True,True,4094,0.5,50.0
10,290,2,1.0213060501781204,14.267271886525258,0.10095503705599639,534.33850662533,False,False,True,4094,0.5,50.0
10,2485,3,1.0203671007540636,14.25415510657631,0.12996016086251586,33.177881130330945,False,False,True,4094,0.5,50.0
10,3266,4,0.722512924629624,10.093241233048179,0.21402736270146727,57.62474091057479,False,False,True,4094,0.5,50.0
10,1189,5,0.6390097095270588,8.92673186686992,0.298044262993161,99.53364339099282,False,False,True,4094,0.5,50.0
11,4055,1,2.6647889903065685,36.108780722292515,0.1320858982209409,130.4219642591972,False,True,True,4093,0.5,50.0
11,2485,2,1.1214795764673693,15.196422778124349,0.130925936104749,30.911699321173366,False,False,True,4093,0.5,50.0
11,290,3,1.108934600013701,15.026434157794709,0.09700385274153438,518.300273549537,False,False,True,4093,0.5,50.0
11,3266,4,0.854986497944872,11.585352569045432,0.207787525488431,55.895127539655945,False,False,True,4093,0.5,50.0
11,1189,5,0.668651027126865,9.060444712915894,0.3034520348968839,95.275785578959,False,False,True,4093,0.5,50.0
12,4055,1,3.8977620437288407,50.79549530893386,0.10397743487584227,115.65868203578563,True,True,True,4095,0.5,50.0
12,2485,2,1.3406312428077565,17.471058325537175,0.12597151105804147,29.321919389354104,False,False,True,4095,0.5,50.0
12,290,3,1.3184026067790717,17.18137553719567,0.09019934298093402,498.47262961901976,False,False,True,4095,0.5,50.0
12,3266,4,1.0922047741212784,14.233573485978592,0.1970370150007231,54.164101094223554,False,False,True,4095,0.5,50.0
12,1189,5,0.8980451618287312,11.703292374729564,0.28951869281368064,92.03824697213928,False,False,True,4095,0.5,50.0
13,4055,1,3.9799631694260604,48.993055732445065,0.09727278184500526,106.94249005751354,False,True,True,4094,0.5,50.0
13,2485,2,1.4416426761714851,17.746515978469784,0.12575281594113885,27.504992946446826,False,False,True,4094,0.5,50.0
13,290,3,1.3847066580880059,17.045637757139495,0.08722191552869737,470.8547044258869,False,False,True,4094,0.5,50.0
13,3266,4,1.1726726899944677,14.435515106814504,0.1880869969690202,51.16313373255144,False,False,True,4094,0.5,50.0
13,1189,5,0.9879472446769813,12.161558375967305,0.2725452686132392,86.93885882373402,False,False,True,4094,0.5,50.0
14,4055,1,4.350677260022963,49.145308900048335,0.09298534489078747,93.89811190671854,False,True,True,4093,0.5,50.0
14,290,2,1.5447884840853587,17.449951512885065,0.086518460032649,432.0725149391861,False,False,True,4093,0.5,50.0
14,2485,3,1.4996818624626247,16.940426507788466,0.13695397873432802,25.416030290540355,False,False,True,4093,0.5,50.0
14,3266,4,1.2642783427780988,14.281305180321032,0.1813982670275544,46.59605553265732,False,False,True,4093,0.5,50.0
14,1189,5,1.022107112044856,11.545735697737237,0.27881596936958164,79.42509465793862,False,False,True,4093,0.5,50.0
15,4055,1,4.821148813209359,47.487893986508396,0.1075763926920799,80.64615863946231,False,True,True,4092,0.5,50.0
15,290,2,1.6079229429424746,15.837900303703197,0.0906922745578235,374.29667521216095,False,False,True,4092,0.5,50.0
15,2485,3,1.5308471503539862,15.07871049040811,0.1488771015058482,22.3162080204619,False,False,True,4092,0.5,50.0
15,3266,4,1.226708025589862,12.082966721956836,0.19462496318511455,38.784030490733784,False,False,True,4092,0.5,50.0
15,1421,5,1.0221677289012796,10.068262695708276,0.14308597204752208,59.099475033499104,False,True,True,4092,0.5,50.0
16,4055,1,5.24244798062181,45.806940291257995,0.11685066194203372,64.7135942571413,False,True,True,4088,0.5,50.0
16,290,2,1.8131419267039384,15.842691102154273,0.08960492956558655,334.2170437584006,False,False,True,4088,0.5,50.0
16,2485,3,1.7816531274172882,15.567551405184709,0.13753199230493632,19.113719822784347,False,False,True,4088,0.5,50.0
16,1421,4,1.2848970352699602,11.227045455212012,0.14767124100299625,52.15314980216872,False,True,True,4088,0.5,50.0
16,3266,5,1.2422471883043171,10.854383866464158,0.19164268164065623,33.585536260035354,False,False,True,4088,0.5,50.0
17,4055,1,4.876155266174798,37.74874641378031,0.13220944709883772,52.49703355308853,False,True,True,4093,0.5,50.0
17,2352,2,2.4881545478176337,19.26204354389709,0.16975611017575454,296.11229985705234,False,False,True,4093,0.5,50.0
17,290,3,2.073213787622968,16.049780464010134,0.08882777626590928,296.11229985705234,False,False,True,4093,0.5,50.0
17,2485,4,1.9124140568903758,14.804949664438299,0.14698734691075727,16.450683325391797,False,False,True,4093,0.5,50.0
17,1421,5,1.5177685039434305,11.749801891589199,0.15818739411427546,45.965144585653555,False,True,True,4093,0.5,50.0
18,4055,1,4.937171243470071,34.524017191375286,0.13314934842780235,42.83011361553464,False,True,True,4092,0.5,50.0
18,2352,2,3.605475099173829,25.21190336907692,0.15492700674771095,267.46968910925716,False,True,True,4092,0.5,50.0
18,290,3,2.2562119965537937,15.776949576021428,0.09255948067591196,269.21785701193204,False,False,True,4092,0.5,50.0
18,2485,4,2.0652530404166147,14.441636304632159,0.14360927233254087,13.766822233564708,False,False,True,4092,0.5,50.0
18,1421,5,1.683799251861691,11.774255226610363,0.1609111756854228,41.30046670069412,False,True,True,4092,0.5,50.0
19,2352,1,5.222730598936652,33.257448420602685,0.14483832152238824,243.56940837558264,False,True,True,4094,0.5,50.0
19,4055,2,5.161466533683329,32.86732941070896,0.12695071161883614,34.22707372598057,False,True,True,4094,0.5,50.0
19,290,3,2.3282856184613996,14.826121584784852,0.09708331819405151,245.1613652930701,False,False,True,4094,0.5,50.0
19,2485,4,2.2436835893598595,14.287390442938161,0.14057114606481458,12.039174188498977,False,False,True,4094,0.5,50.0
19,1421,5,1.911998975586317,12.17527998165436,0.1640678480438402,37.609982175641434,False,True,True,4094,0.5,50.0
20,2352,1,5.912692937487859,34.23940102230991,0.15742711489047184,221.49925642169262,False,True,True,4092,0.5,50.0
20,4055,2,5.191690198906996,30.064196565482067,0.1505920816567764,26.782589828766756,False,True,True,4092,0.5,50.0
20,290,3,2.4402131315949678,14.130859978006152,0.10248898250106886,222.94696398000434,False,False,True,4092,0.5,50.0
20,2485,4,2.344463674346487,13.576391126154672,0.14304519841678034,10.541120658957185,False,False,True,4092,0.5,50.0
20,1421,5,2.10097108813631,12.16636689635731,0.16921131089425115,34.38305450990327,False,True,True,4092,0.5,50.0
21,2352,1,7.666931940672176,39.60298186871819,0.15699503132563883,198.8689626755674,False,True,True,4090,0.5,50.0
21,4055,2,4.147989194507749,21.426137877953725,0.16320549064207104,20.338871182728482,False,True,True,4090,0.5,50.0
21,290,3,2.7821341408157814,14.370912483332866,0.11349368060655748,198.8689626755674,False,False,True,4090,0.5,50.0
21,2485,4,2.702183577598617,13.957933637298455,0.14791235198747887,8.958788497154213,False,False,True,4090,0.5,50.0
21,1421,5,2.465774381554792,12.736779050695848,0.17503035068487025,30.66972638665406,False,True,True,4090,0.5,50.0
22,2352,1,9.470381598653082,44.23201748293977,0.15204028896402189,180.98433094899647,False,True,True,4093,0.5,50.0
22,4055,2,4.121687671052905,19.250603497451294,0.16293380267723442,15.544218746829134,False,True,True,4093,0.5,50.0
22,290,3,2.828475608592796,13.210574596818653,0.11629530708570779,179.81669010416425,False,False,True,4093,0.5,50.0
22,2485,4,2.8054552633239167,13.103056615226318,0.1465121844038829,7.626154267810538,False,False,True,4093,0.5,50.0
22,1421,5,2.6945055299382696,12.584858853529004,0.1758506089979743,27.87742517036962,False,True,True,4093,0.5,50.0
23,2352,1,11.460813127844377,48.620533919906435,0.14945298534105503,166.51139278415783,False,True,True,4092,0.5,50.0
23,4055,2,3.6275195889722256,15.389129658893784,0.1612254949742904,11.467544168654182,False,True,True,4092,0.5,50.0
23,290,3,2.9210480117755506,12.39204516764693,0.11161727894288441,163.3296464252249,False,False,True,4092,0.5,50.0
23,2485,4,2.9104154791605965,12.34693847173511,0.14844456668110223,6.19777676167148,False,False,True,4092,0.5,50.0
23,1421,5,2.88359177972093,12.233143527701415,0.17250519470189754,25.453970871463618,False,True,True,4092,0.5,50.0
24,2352,1,13.027970592775276,51.178123383629334,0.14994099265558158,155.16890057876023,True,True,True,4091,0.5,50.0
24,4055,2,3.6643615200988244,14.394808820173397,0.15648032884534216,9.636676183095473,False,False,True,4091,0.5,50.0
24,290,3,3.106059395790841,12.20161573613147,0.11009752324150278,151.24057398182958,False,False,True,4091,0.5,50.0
24,1421,4,3.0678915392401107,12.051679930095403,0.17114440173246484,23.93824020004608,False,True,True,4091,0.5,50.0
24,2485,5,3.044925366517163,11.961461302958144,0.14464272381419915,5.5548993284722314,False,False,True,4091,0.5,50.0
25,2352,1,15.118835645691115,55.09307852106746,0.13409868868799146,146.67111029181365,True,True,True,4093,0.5,50.0
25,4055,2,3.294958266559829,12.006836952087449,0.15412067886817715,8.711444050717192,False,False,True,4093,0.5,50.0
25,290,3,3.281376834970584,11.957346178160819,0.11517128619401425,141.20510618155973,False,False,True,4093,0.5,50.0
25,1421,4,3.2480942429288384,11.83606432156076,0.1670963006130555,22.43339186916715,False,True,True,4093,0.5,50.0
25,2485,5,3.180143155455656,11.588450372611002,0.14331788257902556,5.124378853363055,False,False,True,4093,0.5,50.0
26,2352,1,18.173248318521757,61.28970099928073,0.12067575698850468,139.95971148855378,True,True,True,4092,0.5,50.0
26,1421,2,3.4154389749519156,11.51864707327788,0.1623410424721387,20.551313057430715,False,True,True,4092,0.5,50.0
26,290,3,3.326281740720217,11.21796223520111,0.12020252357951015,131.52840356755658,False,False,True,4092,0.5,50.0
26,2485,4,3.254211016305743,10.974902047350005,0.14307026130456996,4.505480170282888,False,False,True,4092,0.5,50.0
26,4055,5,3.1821671699882152,10.731932506503574,0.14445141131246705,7.90435117593489,False,False,True,4092,0.5,50.0
27,2352,1,20.534159746503498,64.05598704609547,0.11587890312061848,131.01833672030898,True,True,True,4093,0.5,50.0
27,1421,2,3.618552960270795,11.288018814024522,0.15947014651936658,19.496776297665026,False,True,True,4093,0.5,50.0
27,290,3,3.571437370138541,11.141042474673956,0.10943513284267672,122.43975514933636,False,False,True,4093,0.5,50.0
27,2485,4,3.501364763166521,10.922452083837527,0.13935330513438762,3.8018713780446802,False,False,True,4093,0.5,50.0
27,788,5,2.539547391898466,7.922077983546087,0.2644604796962087,1010.712883270955,False,True,True,4093,0.5,50.0
28,2352,1,22.33697057716589,62.73074944040742,0.10533402893849393,121.46252796120481,True,True,True,4093,0.5,50.0
28,1421,2,3.740932111660718,10.50596696447535,0.15581018225219553,17.376864549363116,False,True,True,4093,0.5,50.0
28,290,3,3.6249218370605085,10.180165780142056,0.1122731136742506,109.52690382628873,False,False,True,4093,0.5,50.0
28,2485,4,3.563320471303869,10.007165604172942,0.1445254208314482,3.1374894325238962,False,False,True,4093,0.5,50.0
28,788,5,2.5283556918884074,7.100588992413111,0.2742565005745726,909.9158164030141,False,True,True,4093,0.5,50.0
29,2352,1,25.976622362012982,65.9287801053809,0.08255522155421773,116.11369822398423,True,True,True,4090,0.5,50.0
29,290,2,3.6781789510402794,9.335234114424084,0.11863930018174348,98.34766789463146,False,False,True,4090,0.5,50.0
29,2485,3,3.657340375553266,9.2823457195494,0.1494567415769835,2.4388635385160624,False,False,True,4090,0.5,50.0
29,1421,4,3.5508271451313442,9.012014679241801,0.1663389797221062,15.545276538183682,False,True,True,4090,0.5,50.0
29,2252,5,3.196578648673376,8.112930460356104,0.14482159648906934,2.161269314619925,False,False,True,4090,0.5,50.0
30,2352,1,22.23621793137418,47.32093301424042,0.07224086419246901,108.00116089365417,False,True,True,4093,0.5,50.0
30,184,2,4.988158926305898,10.615309453459716,0.2066082489789805,1.2303087909683512,False,False,True,4093,0.5,50.0
30,1917,3,3.1925404907863415,6.794050821771849,0.17095139691504727,1.7955858030348908,False,False,True,4093,0.5,50.0
30,2485,4,3.1526703838154027,6.709203179647404,0.17823357730520592,0.8645413125723549,False,False,True,4093,0.5,50.0
30,290,5,3.1268655037453863,6.654287770696009,0.14448656897638534,77.14368635261013,False,False,True,4093,0.5,50.0
31,1917,1,22.49484598192606,16.728621320996094,0.17751950053844323,6.274670318228121,False,True,True,4089,0.5,50.0
31,1753,2,21.79860037965507,16.210848092579308,0.07310757313810132,7.715520539450875,False,False,True,4089,0.5,50.0
31,3928,3,19.375346662885725,14.408760013154291,0.11421260083232629,11.062011375839205,False,False,True,4089,0.5,50.0
31,184,4,18.185910099557564,13.52421811101142,0.11975088371947408,3.578886033359743,False,False,True,4089,0.5,50.0
31,3516,5,15.680886624226469,11.661320754315163,0.1342336009768162,9.57468211522217,False,False,True,4089,0.5,50.0
