model_name,target,kind,n_population_dev,n_population_test,caveat,n,prevalence,auroc,avg_precision,brier,brier_constant,brier_skill,cal_slope,cal_intercept,cal_in_large,ece,predictor,features,phase,n_folds,n_seeds,fold_stat_mean,fold_stat_sd,fold_stat,n_train,train_prevalence,auroc_lo,auroc_hi,target_mean,spearman,pearson,r2,rmse,mae,spearman_lo,spearman_hi,note
llama-3.1-8b-instruct,new_error,binary,143,264,,143.0,0.03496503496503497,0.5,0.03496503496503497,0.03456095798313645,0.03374248150853987,-0.024256558439231357,,,-7.307718978199346e-05,7.307718978199346e-05,1_base_rate,constant (AUROC 0.5 by definition),dev_cv,5.0,67.0,0.5,0.0,auroc,,,,,,,,,,,,,
llama-3.1-8b-instruct,new_error,binary,143,264,,143.0,0.03496503496503497,0.45362318840579713,0.0409981998907583,0.035402097427527965,0.03374248150853987,-0.049184761902234975,-0.1517734861691835,-3.916460641790603,-0.00021691749215201062,0.017721548521117195,2_baseline,margin_pre+entropy_pre+n_tokens+benchmark,dev_cv,5.0,67.0,0.5690204856871524,0.3060267601086426,auroc,,,,,,,,,,,,,
llama-3.1-8b-instruct,new_error,binary,143,264,,143.0,0.03496503496503497,0.5181159420289855,0.041210319548212845,0.03468496363436529,0.03374248150853987,-0.02793161865071747,-0.7709207573579209,-6.020222498675437,0.0010391288164011483,0.0010391288164011483,3_audit_only,audit_pre,dev_cv,5.0,67.0,0.4365079365079365,0.24013675032392492,auroc,,,,,,,,,,,,,
llama-3.1-8b-instruct,new_error,binary,143,264,,143.0,0.03496503496503497,0.4246376811594203,0.040988166934749805,0.03575974846107537,0.03374248150853987,-0.059784190798917836,-0.23269192641242262,-4.245416464006365,0.001304439549614067,0.024413252582862276,4_baseline_plus_audit,margin_pre+entropy_pre+n_tokens+benchmark+audit_pre,dev_cv,5.0,67.0,0.5619997286663954,0.26861175505091606,auroc,,,,,,,,,,,,,
llama-3.1-8b-instruct,new_error,binary,143,264,,143.0,0.03496503496503497,0.45072463768115945,0.039142970869610966,0.03566912818760802,0.03374248150853987,-0.05709854737804454,-0.17862100876310563,-4.028420801146282,7.74056811978438e-05,0.020868259920150255,2b_baseline_plus_energy,margin_pre+entropy_pre+n_tokens+benchmark+planned_energy,dev_cv,5.0,67.0,0.5903880070546738,0.30983706644315495,auroc,,,,,,,,,,,,,
llama-3.1-8b-instruct,new_error,binary,143,264,,143.0,0.03496503496503497,0.41304347826086957,0.03849722006164837,0.036061275931662806,0.03374248150853987,-0.06872032878008927,-0.25864344563288166,-4.355164643234821,0.0015903042555637167,0.026234405143366193,4b_baseline_audit_energy,margin_pre+entropy_pre+n_tokens+benchmark+audit_pre+planned_energy,dev_cv,5.0,67.0,0.5739044905711572,0.2566271552882866,auroc,,,,,,,,,,,,,
llama-3.1-8b-instruct,new_error,binary,143,264,,264.0,0.041666666666666664,0.5,0.041666666666666664,0.03997546742301987,0.03997546742301987,0.0,,,-0.006701631701631704,0.006701631701631704,1_base_rate,constant (AUROC 0.5 by definition),test,,116.0,0.5,0.0,,143.0,0.03496503496503497,,,,,,,,,,,
llama-3.1-8b-instruct,new_error,binary,143,264,,264.0,0.041666666666666664,0.6539705353934603,0.08980403500886179,0.040087982060890204,0.03997546742301987,-0.0028145921767395166,0.43619109871638145,-1.5465469079602725,-0.0077760008620490345,0.011252393798271653,2_baseline,margin_pre+entropy_pre+n_tokens+benchmark,test,,116.0,,,,143.0,0.03496503496503497,0.47312138948008514,0.8151688450651514,,,,,,,,,
llama-3.1-8b-instruct,new_error,binary,143,264,,264.0,0.041666666666666664,0.5061085159899389,0.06181691991763806,0.04007140811791895,0.03997546742301987,-0.00239998932054597,-0.5519354140225435,-4.991539321246981,-0.007099399381582418,0.007099399381582418,3_audit_only,audit_pre,test,,116.0,,,,143.0,0.03496503496503497,0.3344568168953521,0.6835205550716221,,,,,,,,,
llama-3.1-8b-instruct,new_error,binary,143,264,,264.0,0.041666666666666664,0.6554078332734459,0.09342536933555574,0.040440019591320646,0.03997546742301987,-0.01162093149242982,0.4116815954298464,-1.6104848220666665,-0.008463444298713145,0.011067234428706241,4_baseline_plus_audit,margin_pre+entropy_pre+n_tokens+benchmark+audit_pre,test,,116.0,,,,143.0,0.03496503496503497,0.4984722454983893,0.7982723583278825,,,,,,,,,
llama-3.1-8b-instruct,new_error,binary,143,264,,264.0,0.041666666666666664,0.6270212001437298,0.09639056994944183,0.04021465069169968,0.03997546742301987,-0.005983251331342254,0.37835282419137334,-1.7437670809114822,-0.007896404987504484,0.010886187672082374,2b_baseline_plus_energy,margin_pre+entropy_pre+n_tokens+benchmark+planned_energy,test,,116.0,,,,143.0,0.03496503496503497,0.44577390333438716,0.7994532377344877,,,,,,,,,
llama-3.1-8b-instruct,new_error,binary,143,264,,264.0,0.041666666666666664,0.6424721523535752,0.08553460531347921,0.04050779142548919,0.03997546742301987,-0.01331626712043854,0.38243692168027393,-1.7107812230690063,-0.00859504643048651,0.011251441149928805,4b_baseline_audit_energy,margin_pre+entropy_pre+n_tokens+benchmark+audit_pre+planned_energy,test,,116.0,,,,143.0,0.03496503496503497,0.48702161228864016,0.7878542337332941,,,,,,,,,
llama-3.1-8b-instruct,prob_loss,continuous,245,411,,245.0,,,,,,,,,,,1_base_rate,constant (AUROC 0.5 by definition),dev_cv,5.0,98.0,,,spearman,,,,,-0.09787626122448982,,,-0.005041147024981596,0.1917133868720404,0.140117926473086,,,
llama-3.1-8b-instruct,prob_loss,continuous,245,411,,245.0,,,,,,,,,,,2_baseline,margin_pre+entropy_pre+n_tokens+benchmark,dev_cv,5.0,98.0,0.48039002835176625,0.09975543897287849,spearman,,,,,-0.09787626122448982,0.4520803923328629,0.5005745866053776,0.24792193876568358,0.1658410269846863,0.11058447106560897,,,
llama-3.1-8b-instruct,prob_loss,continuous,245,411,,245.0,,,,,,,,,,,3_audit_only,audit_pre,dev_cv,5.0,98.0,0.11930329546387038,0.1224140195174724,spearman,,,,,-0.09787626122448982,0.10507533646910307,0.05030187813991426,-0.0035455097360899135,0.1915706860258517,0.13941682262714825,,,
llama-3.1-8b-instruct,prob_loss,continuous,245,411,,245.0,,,,,,,,,,,4_baseline_plus_audit,margin_pre+entropy_pre+n_tokens+benchmark+audit_pre,dev_cv,5.0,98.0,0.47849541518735156,0.09669601316960862,spearman,,,,,-0.09787626122448982,0.44972623195619715,0.49927077489352933,0.24664005824288393,0.16598230079906892,0.11090436834800577,,,
llama-3.1-8b-instruct,prob_loss,continuous,245,411,,245.0,,,,,,,,,,,2b_baseline_plus_energy,margin_pre+entropy_pre+n_tokens+benchmark+planned_energy,dev_cv,5.0,98.0,0.5171527930321064,0.08702129947831959,spearman,,,,,-0.09787626122448982,0.5140131702421074,0.521586414221648,0.2694740117297859,0.16344752688037367,0.11014464707057287,,,
llama-3.1-8b-instruct,prob_loss,continuous,245,411,,245.0,,,,,,,,,,,4b_baseline_audit_energy,margin_pre+entropy_pre+n_tokens+benchmark+audit_pre+planned_energy,dev_cv,5.0,98.0,0.5169872800183903,0.08764774080221756,spearman,,,,,-0.09787626122448982,0.5121771699483473,0.5210568888655206,0.2689084635253417,0.1635107823793399,0.11020400859056906,,,
llama-3.1-8b-instruct,prob_loss,continuous,245,411,,411.0,,,,,,,,,,,1_base_rate,constant (AUROC 0.5 by definition),test,,159.0,,,,245.0,-0.09787626122448982,,,-0.0696510900243309,,,-0.027097768725357074,0.17377036437831642,0.1293510906797756,,,
llama-3.1-8b-instruct,prob_loss,continuous,245,411,,411.0,,,,,,,,,,,2_baseline,margin_pre+entropy_pre+n_tokens+benchmark,test,,159.0,,,,245.0,-0.09787626122448982,,,-0.0696510900243309,0.4959128927268296,0.6323852470480904,0.37651738774912524,0.13538856716750203,0.08657008982621538,0.4038314429066468,0.5838251680612823,
llama-3.1-8b-instruct,prob_loss,continuous,245,411,,411.0,,,,,,,,,,,3_audit_only,audit_pre,test,,159.0,,,,245.0,-0.09787626122448982,,,-0.0696510900243309,0.09704598617547115,0.09179406410440494,-0.017481226316762077,0.17295496002487032,0.126265718837514,-0.009449801025603643,0.20520915766127945,
llama-3.1-8b-instruct,prob_loss,continuous,245,411,,411.0,,,,,,,,,,,4_baseline_plus_audit,margin_pre+entropy_pre+n_tokens+benchmark+audit_pre,test,,159.0,,,,245.0,-0.09787626122448982,,,-0.0696510900243309,0.4935691062672089,0.6317172448956806,0.37624796572302033,0.1354178163571335,0.08651674573184721,0.40299210451681244,0.5818376203115425,
llama-3.1-8b-instruct,prob_loss,continuous,245,411,,411.0,,,,,,,,,,,2b_baseline_plus_energy,margin_pre+entropy_pre+n_tokens+benchmark+planned_energy,test,,159.0,,,,245.0,-0.09787626122448982,,,-0.0696510900243309,0.4817554545753097,0.6272735134013715,0.36769331197786426,0.13634327028562657,0.09055702453045035,0.38875060128703076,0.5702636894532704,
llama-3.1-8b-instruct,prob_loss,continuous,245,411,,411.0,,,,,,,,,,,4b_baseline_audit_energy,margin_pre+entropy_pre+n_tokens+benchmark+audit_pre+planned_energy,test,,159.0,,,,245.0,-0.09787626122448982,,,-0.0696510900243309,0.48157621367865583,0.6270174397083115,0.36762954990449537,0.1363501445687982,0.09050451665501247,0.3880544973864795,0.5702046963154083,
llama-3.1-8b-instruct,audit_cross,binary,4,10,predictor 3 is the score whose TAU crossing defines the target; partly mechanical,,,,,,,,,,,,n/a,,n/a,,,,,,,,,,,,,,,,,,degenerate: fewer than 10 rows or a single class in dev or test
qwen2.5-7b-instruct,new_error,binary,151,276,,151.0,0.059602649006622516,0.5,0.059602649006622516,0.05640789704278292,0.05605017337434629,-0.0063822044946673095,,,5.838031124004439e-05,5.838031124004439e-05,1_base_rate,constant (AUROC 0.5 by definition),dev_cv,5.0,67.0,0.5,0.0,auroc,,,,,,,,,,,,,
qwen2.5-7b-instruct,new_error,binary,151,276,,151.0,0.059602649006622516,0.7222222222222222,0.12472436740359207,0.06501215985328554,0.05605017337434629,-0.15989221690866473,0.42521022263217695,-1.4179297055368665,0.008544473910867934,0.05885310035789233,2_baseline,margin_pre+entropy_pre+n_tokens+benchmark,dev_cv,5.0,67.0,0.8032250805814025,0.1490941029883239,auroc,,,,,,,,,,,,,
qwen2.5-7b-instruct,new_error,binary,151,276,,151.0,0.059602649006622516,0.6467136150234741,0.12684558896490244,0.0565343543604735,0.05605017337434629,-0.008638349481873586,0.06937490796271942,-2.5639794236374445,-0.00035972625705575634,0.014101083619659342,3_audit_only,audit_pre,dev_cv,5.0,67.0,0.6570534573982849,0.25745802412855207,auroc,,,,,,,,,,,,,
qwen2.5-7b-instruct,new_error,binary,151,276,,151.0,0.059602649006622516,0.7128325508607198,0.11217771699488817,0.06675579936056414,0.05605017337434629,-0.19100076488109008,0.4035568112093495,-1.4759535892892623,0.00930455339055318,0.05988003274275502,4_baseline_plus_audit,margin_pre+entropy_pre+n_tokens+benchmark+audit_pre,dev_cv,5.0,67.0,0.7629951955239311,0.12122800850832123,auroc,,,,,,,,,,,,,
qwen2.5-7b-instruct,new_error,binary,151,276,,151.0,0.059602649006622516,0.7699530516431925,0.14454915906983576,0.068965265093837,0.05605017337434629,-0.23042019215950993,0.4121674590836497,-1.4551603341273085,0.012376799896256369,0.054408298847113866,2b_baseline_plus_energy,margin_pre+entropy_pre+n_tokens+benchmark+planned_energy,dev_cv,5.0,67.0,0.8155865717934685,0.08128937602922405,auroc,,,,,,,,,,,,,
qwen2.5-7b-instruct,new_error,binary,151,276,,151.0,0.059602649006622516,0.7644757433489828,0.14094744955272237,0.07226098520985977,0.05605017337434629,-0.2892196555262223,0.37640451234600236,-1.5583536594970993,0.01574159152083543,0.053812387473346476,4b_baseline_audit_energy,margin_pre+entropy_pre+n_tokens+benchmark+audit_pre+planned_energy,dev_cv,5.0,67.0,0.7926576658760567,0.09000972780462607,auroc,,,,,,,,,,,,,
qwen2.5-7b-instruct,new_error,binary,151,276,,276.0,0.050724637681159424,0.5,0.050724637681159424,0.048230467898369565,0.048230467898369565,0.0,,,0.008878011325463071,0.008878011325463071,1_base_rate,constant (AUROC 0.5 by definition),test,,121.0,0.5,0.0,,151.0,0.059602649006622516,,,,,,,,,,,
qwen2.5-7b-instruct,new_error,binary,151,276,,276.0,0.050724637681159424,0.7330970556161396,0.16195616332812365,0.04705257430527464,0.048230467898369565,0.024422188803495892,0.6215230740341422,-0.9973560941675625,0.0071100493846255955,0.015003304716556769,2_baseline,margin_pre+entropy_pre+n_tokens+benchmark,test,,121.0,,,,151.0,0.059602649006622516,0.5668669959086837,0.8789763281253444,,,,,,,,,
qwen2.5-7b-instruct,new_error,binary,151,276,,276.0,0.050724637681159424,0.6222737186477645,0.06752431521848774,0.04902669054250513,0.048230467898369565,-0.016508706608721946,0.15078012581855127,-2.511515202488532,0.010499163705077058,0.010499163705077053,3_audit_only,audit_pre,test,,121.0,,,,151.0,0.059602649006622516,0.5014930817018073,0.7416350518806745,,,,,,,,,
qwen2.5-7b-instruct,new_error,binary,151,276,,276.0,0.050724637681159424,0.7350054525627044,0.1827144573931225,0.04624911590539889,0.048230467898369565,0.04108091999326546,0.6328144205564352,-0.9613119488141869,0.006669895774862843,0.014256098638959191,4_baseline_plus_audit,margin_pre+entropy_pre+n_tokens+benchmark+audit_pre,test,,121.0,,,,151.0,0.059602649006622516,0.56642597582104,0.8842048204771417,,,,,,,,,
qwen2.5-7b-instruct,new_error,binary,151,276,,276.0,0.050724637681159424,0.7445474372955289,0.310638621238515,0.043432553300051205,0.048230467898369565,0.09947891462360359,0.7061068497598445,-0.7142928577077943,0.001444943260103193,0.016481256408854134,2b_baseline_plus_energy,margin_pre+entropy_pre+n_tokens+benchmark+planned_energy,test,,121.0,,,,151.0,0.059602649006622516,0.5834435071526294,0.8915755237905972,,,,,,,,,
qwen2.5-7b-instruct,new_error,binary,151,276,,276.0,0.050724637681159424,0.7442748091603053,0.3124120746378528,0.04332711477900852,0.048230467898369565,0.10166505391764624,0.7079096022777407,-0.7100146318405638,0.001466285843200639,0.017124771975717587,4b_baseline_audit_energy,margin_pre+entropy_pre+n_tokens+benchmark+audit_pre+planned_energy,test,,121.0,,,,151.0,0.059602649006622516,0.5828491684841876,0.8913296768153695,,,,,,,,,
qwen2.5-7b-instruct,prob_loss,continuous,248,416,,248.0,,,,,,,,,,,1_base_rate,constant (AUROC 0.5 by definition),dev_cv,5.0,100.0,,,spearman,,,,,-0.013699645161290323,,,-0.01501426261969141,0.23231654377270217,0.10468936666388311,,,
qwen2.5-7b-instruct,prob_loss,continuous,248,416,,248.0,,,,,,,,,,,2_baseline,margin_pre+entropy_pre+n_tokens+benchmark,dev_cv,5.0,100.0,0.09348259303721489,0.0687803761152294,spearman,,,,,-0.013699645161290323,0.10044356608882965,0.09849064001526865,-0.01943708166560998,0.2328221411838347,0.11983599101901478,,,
qwen2.5-7b-instruct,prob_loss,continuous,248,416,,248.0,,,,,,,,,,,3_audit_only,audit_pre,dev_cv,5.0,100.0,0.11493551694452084,0.1877076230642848,spearman,,,,,-0.013699645161290323,0.04216507856191292,-0.04426684196516181,-0.04154552761334385,0.2353331970056856,0.10755986726751841,,,
qwen2.5-7b-instruct,prob_loss,continuous,248,416,,248.0,,,,,,,,,,,4_baseline_plus_audit,margin_pre+entropy_pre+n_tokens+benchmark+audit_pre,dev_cv,5.0,100.0,0.1127154861944778,0.07301227270319363,spearman,,,,,-0.013699645161290323,0.11562142523338749,0.07730930186955956,-0.03845723279326063,0.23498404383943905,0.12147066974841741,,,
qwen2.5-7b-instruct,prob_loss,continuous,248,416,,248.0,,,,,,,,,,,2b_baseline_plus_energy,margin_pre+entropy_pre+n_tokens+benchmark+planned_energy,dev_cv,5.0,100.0,0.06795678271308522,0.07837420256142456,spearman,,,,,-0.013699645161290323,0.07229781080702592,0.08179020476058495,-0.03114940110346609,0.23415576917534828,0.1218840241091454,,,
qwen2.5-7b-instruct,prob_loss,continuous,248,416,,248.0,,,,,,,,,,,4b_baseline_audit_energy,margin_pre+entropy_pre+n_tokens+benchmark+audit_pre+planned_energy,dev_cv,5.0,100.0,0.06828451380552221,0.08376101768293727,spearman,,,,,-0.013699645161290323,0.0788246364064066,0.05606460800275763,-0.054266604963824516,0.2367659746152845,0.12371390152531578,,,
qwen2.5-7b-instruct,prob_loss,continuous,248,416,,416.0,,,,,,,,,,,1_base_rate,constant (AUROC 0.5 by definition),test,,159.0,,,,248.0,-0.013699645161290323,,,-0.03169171875,,,-0.008184826818396607,0.19968550911429028,0.0957996906792804,,,
qwen2.5-7b-instruct,prob_loss,continuous,248,416,,416.0,,,,,,,,,,,2_baseline,margin_pre+entropy_pre+n_tokens+benchmark,test,,159.0,,,,248.0,-0.013699645161290323,,,-0.03169171875,0.10068309491561422,0.1646161783324233,0.011875483118771957,0.19768891091814325,0.11008514017117935,-0.0044721542773956,0.2107125697232738,
qwen2.5-7b-instruct,prob_loss,continuous,248,416,,416.0,,,,,,,,,,,3_audit_only,audit_pre,test,,159.0,,,,248.0,-0.013699645161290323,,,-0.03169171875,-0.01614020342579644,0.039110109503577795,-0.01971599506111743,0.20082421923835342,0.10132550463251028,-0.12305178383330143,0.08894950114498641,
qwen2.5-7b-instruct,prob_loss,continuous,248,416,,416.0,,,,,,,,,,,4_baseline_plus_audit,margin_pre+entropy_pre+n_tokens+benchmark+audit_pre,test,,159.0,,,,248.0,-0.013699645161290323,,,-0.03169171875,0.08927873274604253,0.16074818775913605,0.009920127426024328,0.19788441314838956,0.11095493015976657,-0.017015786265645344,0.19879545860743067,
qwen2.5-7b-instruct,prob_loss,continuous,248,416,,416.0,,,,,,,,,,,2b_baseline_plus_energy,margin_pre+entropy_pre+n_tokens+benchmark+planned_energy,test,,159.0,,,,248.0,-0.013699645161290323,,,-0.03169171875,0.09473400753545544,0.15480547659471677,0.007479299246263116,0.19812818364988904,0.11009135888022496,-0.013373410856901032,0.20994323830233694,
qwen2.5-7b-instruct,prob_loss,continuous,248,416,,416.0,,,,,,,,,,,4b_baseline_audit_energy,margin_pre+entropy_pre+n_tokens+benchmark+audit_pre+planned_energy,test,,159.0,,,,248.0,-0.013699645161290323,,,-0.03169171875,0.08689493059912042,0.1548852399109884,0.007316693872815638,0.19814441272594507,0.11093781766927797,-0.018740704391878298,0.19788216003345707,
qwen2.5-7b-instruct,audit_cross,binary,56,108,predictor 3 is the score whose TAU crossing defines the target; partly mechanical,56.0,0.6785714285714286,0.5,0.6785714285714286,0.24112094727750336,0.2181122520716953,-0.1054901546669873,,,0.00042348955392434995,0.21809712027103317,1_base_rate,constant (AUROC 0.5 by definition),dev_cv,5.0,28.0,0.5,0.0,auroc,,,,,,,,,,,,,
qwen2.5-7b-instruct,audit_cross,binary,56,108,predictor 3 is the score whose TAU crossing defines the target; partly mechanical,56.0,0.6785714285714286,0.5745614035087719,0.7026339020274437,0.2475135278607611,0.2181122520716953,-0.13479882725433212,0.16468949871698854,0.5974472469941388,-0.031110095944707927,0.17688951148626686,2_baseline,margin_pre+entropy_pre+n_tokens+benchmark,dev_cv,5.0,28.0,0.7597222222222222,0.08636834339467642,auroc,,,,,,,,,,,,,
qwen2.5-7b-instruct,audit_cross,binary,56,108,predictor 3 is the score whose TAU crossing defines the target; partly mechanical,56.0,0.6785714285714286,0.8011695906432749,0.8718092579934686,0.20481357995131488,0.2181122520716953,0.060971687716144585,0.2904171876185021,0.48030937161711773,-0.007497534443142051,0.15194747348158494,3_audit_only,audit_pre,dev_cv,5.0,28.0,0.8666666666666667,0.14142135623730953,auroc,,,,,,,,,,,,,
qwen2.5-7b-instruct,audit_cross,binary,56,108,predictor 3 is the score whose TAU crossing defines the target; partly mechanical,56.0,0.6785714285714286,0.5833333333333334,0.7571891796159586,0.25262000609347546,0.2181122520716953,-0.15821098399569578,0.21801955727869884,0.5212892060344245,-0.019444302263696533,0.19877232342024365,4_baseline_plus_audit,margin_pre+entropy_pre+n_tokens+benchmark+audit_pre,dev_cv,5.0,28.0,0.7751736111111112,0.1431502307738337,auroc,,,,,,,,,,,,,
qwen2.5-7b-instruct,audit_cross,binary,56,108,predictor 3 is the score whose TAU crossing defines the target; partly mechanical,56.0,0.6785714285714286,0.6067251461988304,0.7287303092056057,0.24899025484832832,0.2181122520716953,-0.14156931801558392,0.18483097186371464,0.5633735414160994,-0.01505212231687636,0.2044342265648406,2b_baseline_plus_energy,margin_pre+entropy_pre+n_tokens+benchmark+planned_energy,dev_cv,5.0,28.0,0.7368055555555555,0.10892599636994463,auroc,,,,,,,,,,,,,
qwen2.5-7b-instruct,audit_cross,binary,56,108,predictor 3 is the score whose TAU crossing defines the target; partly mechanical,56.0,0.6785714285714286,0.618421052631579,0.7668131897970372,0.2552713916096469,0.2181122520716953,-0.17036704350628185,0.20842081858062037,0.5215328430773161,-0.007218953211191481,0.20790053984495782,4b_baseline_audit_energy,margin_pre+entropy_pre+n_tokens+benchmark+audit_pre+planned_energy,dev_cv,5.0,28.0,0.7465277777777778,0.08001193487363134,auroc,,,,,,,,,,,,,
qwen2.5-7b-instruct,audit_cross,binary,56,108,predictor 3 is the score whose TAU crossing defines the target; partly mechanical,108.0,0.6296296296296297,0.5,0.6296296296296297,0.23559145880574453,0.23559145880574453,0.0,,,0.048941798941799064,0.048941798941799064,1_base_rate,constant (AUROC 0.5 by definition),test,,52.0,0.5,0.0,,56.0,0.6785714285714286,,,,,,,,,,,
qwen2.5-7b-instruct,audit_cross,binary,56,108,predictor 3 is the score whose TAU crossing defines the target; partly mechanical,108.0,0.6296296296296297,0.6301470588235294,0.7263386356418574,0.23250926684287732,0.23559145880574453,0.013082783130133002,0.4561486240892709,0.13986641335478023,0.044297045013889313,0.12971079948984218,2_baseline,margin_pre+entropy_pre+n_tokens+benchmark,test,,52.0,,,,56.0,0.6785714285714286,0.48162049435158677,0.7777958152958152,,,,,,,,,
qwen2.5-7b-instruct,audit_cross,binary,56,108,predictor 3 is the score whose TAU crossing defines the target; partly mechanical,108.0,0.6296296296296297,0.7698529411764706,0.8832048400455992,0.187129863437362,0.23559145880574453,0.20570183492238248,1.7096134317961678,-0.4761991566887294,0.029702200500798748,0.08058041988429017,3_audit_only,audit_pre,test,,52.0,,,,56.0,0.6785714285714286,0.638589238347859,0.8816213654265125,,,,,,,,,
qwen2.5-7b-instruct,audit_cross,binary,56,108,predictor 3 is the score whose TAU crossing defines the target; partly mechanical,108.0,0.6296296296296297,0.75625,0.8605845338834048,0.1919292331113373,0.23559145880574453,0.18533025736900177,0.9520174929423911,-0.24116571793549219,0.04850057438825939,0.18882374860281306,4_baseline_plus_audit,margin_pre+entropy_pre+n_tokens+benchmark+audit_pre,test,,52.0,,,,56.0,0.6785714285714286,0.6206064877483596,0.8768357487922704,,,,,,,,,
qwen2.5-7b-instruct,audit_cross,binary,56,108,predictor 3 is the score whose TAU crossing defines the target; partly mechanical,108.0,0.6296296296296297,0.7051470588235295,0.7961854114999873,0.20587896522935184,0.23559145880574453,0.12611872148086634,0.6451870875848321,-0.11046570221930656,0.06973094896526666,0.1289687024666771,2b_baseline_plus_energy,margin_pre+entropy_pre+n_tokens+benchmark+planned_energy,test,,52.0,,,,56.0,0.6785714285714286,0.5566367083054813,0.8497488471673253,,,,,,,,,
qwen2.5-7b-instruct,audit_cross,binary,56,108,predictor 3 is the score whose TAU crossing defines the target; partly mechanical,108.0,0.6296296296296297,0.7897058823529411,0.8746071334219112,0.1836290688627527,0.23559145880574453,0.22056143379050552,0.9358512818480467,-0.375650232705519,0.07044119055236642,0.1129164285850047,4b_baseline_audit_energy,margin_pre+entropy_pre+n_tokens+benchmark+audit_pre+planned_energy,test,,52.0,,,,56.0,0.6785714285714286,0.6632728091236494,0.9021834515056022,,,,,,,,,
gemma-2-2b-it,new_error,binary,120,221,,120.0,0.08333333333333333,0.5,0.08333333333333333,0.07834201388888888,0.07638888888888887,-0.0255681818181821,,,0.0,0.04166666666666667,1_base_rate,constant (AUROC 0.5 by definition),dev_cv,5.0,58.0,0.5,0.0,auroc,,,,,,,,,,,,,
gemma-2-2b-it,new_error,binary,120,221,,120.0,0.08333333333333333,0.28454545454545455,0.060351073789926525,0.08814256691240882,0.07638888888888887,-0.15386633048971587,-1.2384942054017927,-5.861388842720022,0.007720831219511587,0.09796102995429125,2_baseline,margin_pre+entropy_pre+n_tokens+benchmark,dev_cv,5.0,58.0,0.3006752305665349,0.08220077421742893,auroc,,,,,,,,,,,,,
gemma-2-2b-it,new_error,binary,120,221,,120.0,0.08333333333333333,0.5313636363636364,0.1188434736848166,0.07902010492050505,0.07638888888888887,-0.03444500986843013,-5.243387821481035,-15.493433620437145,0.0010006092696456248,0.051835247070903506,3_audit_only,audit_pre,dev_cv,5.0,58.0,0.4456961893782546,0.20667297873548113,auroc,,,,,,,,,,,,,
gemma-2-2b-it,new_error,binary,120,221,,120.0,0.08333333333333333,0.25363636363636366,0.058046991008218,0.08943919791936666,0.07638888888888887,-0.17084040912625476,-1.3110260502031652,-6.073110578025079,0.00941084470876502,0.10006018521050121,4_baseline_plus_audit,margin_pre+entropy_pre+n_tokens+benchmark+audit_pre,dev_cv,5.0,58.0,0.26871784616349836,0.1088849793104256,auroc,,,,,,,,,,,,,
gemma-2-2b-it,new_error,binary,120,221,,120.0,0.08333333333333333,0.24727272727272728,0.05727970181297172,0.08920924062185809,0.07638888888888887,-0.167830059049779,-1.1824379121769113,-5.7731340960861655,0.008230489745294375,0.09859573670618768,2b_baseline_plus_energy,margin_pre+entropy_pre+n_tokens+benchmark+planned_energy,dev_cv,5.0,58.0,0.2668393955078738,0.09239817772497379,auroc,,,,,,,,,,,,,
gemma-2-2b-it,new_error,binary,120,221,,120.0,0.08333333333333333,0.22090909090909092,0.05549691698913052,0.09037506818971558,0.07638888888888887,-0.18309180175627704,-1.246880158034346,-5.960855229796748,0.009810484579860793,0.1023644993844527,4b_baseline_audit_energy,margin_pre+entropy_pre+n_tokens+benchmark+audit_pre+planned_energy,dev_cv,5.0,58.0,0.23469006838572057,0.09952023320422147,auroc,,,,,,,,,,,,,
gemma-2-2b-it,new_error,binary,120,221,,221.0,0.06787330316742081,0.5,0.06787330316742081,0.06350553041729512,0.06350553041729512,0.0,,,0.015460030165912533,0.015460030165912533,1_base_rate,constant (AUROC 0.5 by definition),test,,100.0,0.5,0.0,,120.0,0.08333333333333333,,,,,,,,,,,
gemma-2-2b-it,new_error,binary,120,221,,221.0,0.06787330316742081,0.6478964401294498,0.21807515754314546,0.06111696977114984,0.06350553041729512,0.037611852549691904,1.0582564579449971,0.016583139216098632,0.007705383245576361,0.025190483494398765,2_baseline,margin_pre+entropy_pre+n_tokens+benchmark,test,,100.0,,,,120.0,0.08333333333333333,0.4947770055889654,0.7951146788990825,,,,,,,,,
gemma-2-2b-it,new_error,binary,120,221,,221.0,0.06787330316742081,0.6224919093851132,0.10063398081262828,0.0634300427817682,0.06350553041729512,0.0011886781360755938,4.801483125775721,8.88679337746093,0.015355432662078464,0.015355432662078455,3_audit_only,audit_pre,test,,100.0,,,,120.0,0.08333333333333333,0.4771569788930396,0.7562313472124412,,,,,,,,,
gemma-2-2b-it,new_error,binary,120,221,,221.0,0.06787330316742081,0.6498381877022654,0.21865531407561642,0.06109431421307042,0.06350553041729512,0.03796860192144824,1.0668112074867824,0.036761185432967386,0.007682561739486102,0.024249131835766234,4_baseline_plus_audit,margin_pre+entropy_pre+n_tokens+benchmark+audit_pre,test,,100.0,,,,120.0,0.08333333333333333,0.4965284360189573,0.7962421554560342,,,,,,,,,
gemma-2-2b-it,new_error,binary,120,221,,221.0,0.06787330316742081,0.594822006472492,0.1774667746628928,0.06243361540336738,0.06350553041729512,0.016879081347469738,0.6869246597953271,-0.8727175795924863,0.008769947171897732,0.03159183846522304,2b_baseline_plus_energy,margin_pre+entropy_pre+n_tokens+benchmark+planned_energy,test,,100.0,,,,120.0,0.08333333333333333,0.4356786543150064,0.7562856838003505,,,,,,,,,
gemma-2-2b-it,new_error,binary,120,221,,221.0,0.06787330316742081,0.5957928802588996,0.17761455008625876,0.0624276372859108,0.06350553041729512,0.016973216730912677,0.6881840857395066,-0.8698510655152842,0.008795846294883516,0.03160543382313613,4b_baseline_audit_energy,margin_pre+entropy_pre+n_tokens+benchmark+audit_pre+planned_energy,test,,100.0,,,,120.0,0.08333333333333333,0.43689587852049033,0.7570214749250558,,,,,,,,,
gemma-2-2b-it,prob_loss,continuous,249,406,,249.0,,,,,,,,,,,1_base_rate,constant (AUROC 0.5 by definition),dev_cv,5.0,99.0,,,spearman,,,,,-0.09673038554216867,,,-0.019852729649436185,0.29010269351613016,0.19448611895400694,,,
gemma-2-2b-it,prob_loss,continuous,249,406,,249.0,,,,,,,,,,,2_baseline,margin_pre+entropy_pre+n_tokens+benchmark,dev_cv,5.0,99.0,0.27444657863145255,0.13552683018028386,spearman,,,,,-0.09673038554216867,0.22921812250997559,0.3314422687156289,0.10031028585808355,0.27247672298012127,0.17639196599396814,,,
gemma-2-2b-it,prob_loss,continuous,249,406,,249.0,,,,,,,,,,,3_audit_only,audit_pre,dev_cv,5.0,99.0,0.037958963850598,0.15141419484690552,spearman,,,,,-0.09673038554216867,-0.023435609802448812,-0.075469059773434,-0.017070600029542415,0.2897067272830557,0.19489578836690183,,,
gemma-2-2b-it,prob_loss,continuous,249,406,,249.0,,,,,,,,,,,4_baseline_plus_audit,margin_pre+entropy_pre+n_tokens+benchmark+audit_pre,dev_cv,5.0,99.0,0.3066206482593037,0.15963451598211986,spearman,,,,,-0.09673038554216867,0.2802321337863149,0.36494105740352273,0.12405810776100357,0.26885658525832384,0.17702250267510752,,,
gemma-2-2b-it,prob_loss,continuous,249,406,,249.0,,,,,,,,,,,2b_baseline_plus_energy,margin_pre+entropy_pre+n_tokens+benchmark+planned_energy,dev_cv,5.0,99.0,0.2632581032412965,0.12904511167035454,spearman,,,,,-0.09673038554216867,0.23053565119926,0.3306057504037624,0.09856935380093068,0.27274022171672097,0.17758729971579632,,,
gemma-2-2b-it,prob_loss,continuous,249,406,,249.0,,,,,,,,,,,4b_baseline_audit_energy,margin_pre+entropy_pre+n_tokens+benchmark+audit_pre+planned_energy,dev_cv,5.0,99.0,0.29203841536614644,0.1635179569035902,spearman,,,,,-0.09673038554216867,0.2696670305740704,0.36374409502773386,0.12209656334910923,0.26915744951815246,0.17796269385401367,,,
gemma-2-2b-it,prob_loss,continuous,249,406,,406.0,,,,,,,,,,,1_base_rate,constant (AUROC 0.5 by definition),test,,159.0,,,,249.0,-0.09673038554216867,,,-0.07842079310344828,,,-0.004263336032707565,0.2810138329845747,0.18282782817971394,,,
gemma-2-2b-it,prob_loss,continuous,249,406,,406.0,,,,,,,,,,,2_baseline,margin_pre+entropy_pre+n_tokens+benchmark,test,,159.0,,,,249.0,-0.09673038554216867,,,-0.07842079310344828,0.301959611586231,0.43965305148497213,0.1874569616617765,0.25277090406876646,0.1578422253021138,0.1865858418235767,0.4103563599182314,
gemma-2-2b-it,prob_loss,continuous,249,406,,406.0,,,,,,,,,,,3_audit_only,audit_pre,test,,159.0,,,,249.0,-0.09673038554216867,,,-0.07842079310344828,0.034835847090536366,-0.01710379119717048,-0.008296021740590076,0.2815774825052431,0.1826381692624297,-0.06414227670529946,0.13675190474859536,
gemma-2-2b-it,prob_loss,continuous,249,406,,406.0,,,,,,,,,,,4_baseline_plus_audit,margin_pre+entropy_pre+n_tokens+benchmark+audit_pre,test,,159.0,,,,249.0,-0.09673038554216867,,,-0.07842079310344828,0.31408556025142415,0.44808932239017923,0.19606531922829695,0.2514283682754158,0.15921110243332726,0.2001714261558969,0.4253126314560548,
gemma-2-2b-it,prob_loss,continuous,249,406,,406.0,,,,,,,,,,,2b_baseline_plus_energy,margin_pre+entropy_pre+n_tokens+benchmark+planned_energy,test,,159.0,,,,249.0,-0.09673038554216867,,,-0.07842079310344828,0.3106806117974004,0.43625272056189074,0.18491466722785943,0.25316603156307654,0.15783481101436755,0.19515852352168223,0.4207552758095375,
gemma-2-2b-it,prob_loss,continuous,249,406,,406.0,,,,,,,,,,,4b_baseline_audit_energy,margin_pre+entropy_pre+n_tokens+benchmark+audit_pre+planned_energy,test,,159.0,,,,249.0,-0.09673038554216867,,,-0.07842079310344828,0.31892876725248687,0.4442640789597484,0.19242601953478589,0.25199681618374276,0.15956322303672596,0.2014892566718885,0.42942143687037904,
gemma-2-2b-it,audit_cross,binary,68,122,predictor 3 is the score whose TAU crossing defines the target; partly mechanical,68.0,0.47058823529411764,0.5,0.47058823529411764,0.2728943429223541,0.24913504496448777,-0.09536714500062815,,,0.001556178026766275,0.16837846249610955,1_base_rate,constant (AUROC 0.5 by definition),dev_cv,5.0,34.0,0.5,0.0,auroc,,,,,,,,,,,,,
gemma-2-2b-it,audit_cross,binary,68,122,predictor 3 is the score whose TAU crossing defines the target; partly mechanical,68.0,0.47058823529411764,0.5512152777777778,0.47282747784428325,0.28484228203692696,0.24913504496448777,-0.1433248264110294,-0.026504334777649893,-0.12370009948838907,-0.0013346498408123297,0.30001708231587804,2_baseline,margin_pre+entropy_pre+n_tokens+benchmark,dev_cv,5.0,34.0,0.625,0.3330728148618557,auroc,,,,,,,,,,,,,
gemma-2-2b-it,audit_cross,binary,68,122,predictor 3 is the score whose TAU crossing defines the target; partly mechanical,68.0,0.47058823529411764,0.8420138888888888,0.8651885593981182,0.1906939932523983,0.24913504496448777,0.2345757969153628,0.9717103597008716,-0.01972815188267519,0.0018436156270509318,0.18417465142695028,3_audit_only,audit_pre,dev_cv,5.0,34.0,0.9433333333333334,0.07859884081701063,auroc,,,,,,,,,,,,,
gemma-2-2b-it,audit_cross,binary,68,122,predictor 3 is the score whose TAU crossing defines the target; partly mechanical,68.0,0.47058823529411764,0.6944444444444444,0.7007981732880622,0.23967023803150792,0.24913504496448777,0.03799066861239453,0.3812736557380308,-0.11704249367621493,-0.011767074284420642,0.18861225374633092,4_baseline_plus_audit,margin_pre+entropy_pre+n_tokens+benchmark+audit_pre,dev_cv,5.0,34.0,0.7883333333333333,0.32920780333670374,auroc,,,,,,,,,,,,,
gemma-2-2b-it,audit_cross,binary,68,122,predictor 3 is the score whose TAU crossing defines the target; partly mechanical,68.0,0.47058823529411764,0.6180555555555556,0.5223903624611042,0.269920451856581,0.24913504496448777,-0.08343028133619668,0.2686591496209474,-0.010319742160632677,-0.006405177177119026,0.26307946158368806,2b_baseline_plus_energy,margin_pre+entropy_pre+n_tokens+benchmark+planned_energy,dev_cv,5.0,34.0,0.675,0.35978388574871506,auroc,,,,,,,,,,,,,
gemma-2-2b-it,audit_cross,binary,68,122,predictor 3 is the score whose TAU crossing defines the target; partly mechanical,68.0,0.47058823529411764,0.7491319444444444,0.7337139885460755,0.20916899243812911,0.24913504496448777,0.16041923179477013,0.4863472410025052,-0.0010836808704646412,-0.011826710627431236,0.15726306109728538,4b_baseline_audit_energy,margin_pre+entropy_pre+n_tokens+benchmark+audit_pre+planned_energy,dev_cv,5.0,34.0,0.8066666666666666,0.31012542265634685,auroc,,,,,,,,,,,,,
gemma-2-2b-it,audit_cross,binary,68,122,predictor 3 is the score whose TAU crossing defines the target; partly mechanical,122.0,0.639344262295082,0.5,0.639344262295082,0.2590617732145896,0.2590617732145896,0.0,,,-0.16875602700096437,0.16875602700096437,1_base_rate,constant (AUROC 0.5 by definition),test,,59.0,0.5,0.0,,68.0,0.47058823529411764,,,,,,,,,,,
gemma-2-2b-it,audit_cross,binary,68,122,predictor 3 is the score whose TAU crossing defines the target; partly mechanical,122.0,0.639344262295082,0.622960372960373,0.706537878640616,0.25056819670007796,0.2590617732145896,0.032785912059191125,0.5158253367687112,0.6937958710079081,-0.1601942641383019,0.17791766136636097,2_baseline,margin_pre+entropy_pre+n_tokens+benchmark,test,,59.0,,,,68.0,0.47058823529411764,0.4545413888437144,0.7677583274689185,,,,,,,,,
gemma-2-2b-it,audit_cross,binary,68,122,predictor 3 is the score whose TAU crossing defines the target; partly mechanical,122.0,0.639344262295082,0.6746794871794872,0.8181970714745019,0.2487940051802289,0.2590617732145896,0.03963443894848806,0.7456669057837617,0.8167553574850154,-0.18991444861557394,0.20128887821613783,3_audit_only,audit_pre,test,,59.0,,,,68.0,0.47058823529411764,0.5426704939321918,0.7995998632010943,,,,,,,,,
gemma-2-2b-it,audit_cross,binary,68,122,predictor 3 is the score whose TAU crossing defines the target; partly mechanical,122.0,0.639344262295082,0.7243589743589743,0.8364797669124304,0.2382865410481796,0.2590617732145896,0.08019412477811305,0.6236474300996431,0.7702365116653679,-0.16844501829704223,0.19744294341609211,4_baseline_plus_audit,margin_pre+entropy_pre+n_tokens+benchmark+audit_pre,test,,59.0,,,,68.0,0.47058823529411764,0.5860021174708651,0.840861466389054,,,,,,,,,
gemma-2-2b-it,audit_cross,binary,68,122,predictor 3 is the score whose TAU crossing defines the target; partly mechanical,122.0,0.639344262295082,0.6238344988344988,0.7356121741786309,0.25382668481718657,0.2590617732145896,0.02020787680267533,0.33502997465643736,0.6269736074877631,-0.13227433438805536,0.19368480889183612,2b_baseline_plus_energy,margin_pre+entropy_pre+n_tokens+benchmark+planned_energy,test,,59.0,,,,68.0,0.47058823529411764,0.4573154233977405,0.7730589524280765,,,,,,,,,
gemma-2-2b-it,audit_cross,binary,68,122,predictor 3 is the score whose TAU crossing defines the target; partly mechanical,122.0,0.639344262295082,0.7042540792540792,0.8134015849234429,0.24194273467935282,0.2590617732145896,0.06608091314597975,0.4010515977812844,0.6946513649010532,-0.15429258245329913,0.18672943900016611,4b_baseline_audit_energy,margin_pre+entropy_pre+n_tokens+benchmark+audit_pre+planned_energy,test,,59.0,,,,68.0,0.47058823529411764,0.5635810138935139,0.8276373970640886,,,,,,,,,
phi-4-mini-instruct,new_error,binary,171,276,,171.0,0.0935672514619883,0.5,0.0935672514619883,0.08694812429674117,0.08481242251476083,-0.02518147364094747,,,-0.00019993270710769173,0.06653365021255009,1_base_rate,constant (AUROC 0.5 by definition),dev_cv,5.0,81.0,0.5,0.0,auroc,,,,,,,,,,,,,
phi-4-mini-instruct,new_error,binary,171,276,,171.0,0.0935672514619883,0.7588709677419355,0.1785431760815962,0.08482315802968707,0.08481242251476083,-0.0001265795105001022,0.7504455867165495,-0.4834908128086616,0.0023896261408827973,0.04314823138447524,2_baseline,margin_pre+entropy_pre+n_tokens+benchmark,dev_cv,5.0,81.0,0.8009597247990106,0.05940560065439434,auroc,,,,,,,,,,,,,
phi-4-mini-instruct,new_error,binary,171,276,,171.0,0.0935672514619883,0.49112903225806454,0.09348679483379031,0.08754222128869654,0.08481242251476083,-0.03218630824347235,-2.900473561510541,-9.112505027542086,0.00029627478516698613,0.08248900512921453,3_audit_only,audit_pre,dev_cv,5.0,81.0,0.4694014764996908,0.12974211767484445,auroc,,,,,,,,,,,,,
phi-4-mini-instruct,new_error,binary,171,276,,171.0,0.0935672514619883,0.75,0.17093297036423571,0.08561826588697455,0.08481242251476083,-0.009501478065591984,0.7168172331768629,-0.5632684478870652,0.00418867995959836,0.04371127928231179,4_baseline_plus_audit,margin_pre+entropy_pre+n_tokens+benchmark+audit_pre,dev_cv,5.0,81.0,0.7951476499690786,0.05948467661413788,auroc,,,,,,,,,,,,,
phi-4-mini-instruct,new_error,binary,171,276,,171.0,0.0935672514619883,0.7661290322580645,0.18856487924879486,0.08808499616339814,0.08481242251476083,-0.03858601784505988,0.6614349834257189,-0.6521002930980015,0.0019415600666983085,0.0707542492518634,2b_baseline_plus_energy,margin_pre+entropy_pre+n_tokens+benchmark+planned_energy,dev_cv,5.0,81.0,0.8021038188002473,0.0761304324322122,auroc,,,,,,,,,,,,,
phi-4-mini-instruct,new_error,binary,171,276,,171.0,0.0935672514619883,0.7620967741935484,0.1867535357164779,0.0886036191718294,0.08481242251476083,-0.04470095941910812,0.6418624623981244,-0.6998553160980715,0.0031236275470508945,0.07549615280859645,4b_baseline_audit_energy,margin_pre+entropy_pre+n_tokens+benchmark+audit_pre+planned_energy,dev_cv,5.0,81.0,0.798332560296846,0.08211211017859024,auroc,,,,,,,,,,,,,
phi-4-mini-instruct,new_error,binary,171,276,,276.0,0.036231884057971016,0.5,0.036231884057971016,0.03820647899093441,0.03820647899093441,0.0,,,0.05733536740401728,0.05733536740401728,1_base_rate,constant (AUROC 0.5 by definition),test,,118.0,0.5,0.0,,171.0,0.0935672514619883,,,,,,,,,,,
phi-4-mini-instruct,new_error,binary,171,276,,276.0,0.036231884057971016,0.7041353383458646,0.06970160798243813,0.040514111090416166,0.03820647899093441,-0.06039897316968945,0.5483135549758062,-1.763690858546869,0.038756858545661084,0.038756858545661084,2_baseline,margin_pre+entropy_pre+n_tokens+benchmark,test,,118.0,,,,171.0,0.0935672514619883,0.5558654058517943,0.8553855421686747,,,,,,,,,
phi-4-mini-instruct,new_error,binary,171,276,,276.0,0.036231884057971016,0.5701127819548872,0.06169626213190291,0.038594831424760806,0.03820647899093441,-0.010164570096044212,-2.4426015444414095,-8.819600710787844,0.0588892854492657,0.058889285449265694,3_audit_only,audit_pre,test,,118.0,,,,171.0,0.0935672514619883,0.38071382397752673,0.7887265066394278,,,,,,,,,
phi-4-mini-instruct,new_error,binary,171,276,,276.0,0.036231884057971016,0.6951127819548872,0.06811354193421808,0.04049420814339921,0.03820647899093441,-0.059878041967898366,0.5370816307526596,-1.7964402090976836,0.039251461316158524,0.03925146131615853,4_baseline_plus_audit,margin_pre+entropy_pre+n_tokens+benchmark+audit_pre,test,,118.0,,,,171.0,0.0935672514619883,0.5395398714973478,0.8502008058440068,,,,,,,,,
phi-4-mini-instruct,new_error,binary,171,276,,276.0,0.036231884057971016,0.6981203007518797,0.06507840910325635,0.04107377806266966,0.03820647899093441,-0.07504745654305367,0.5317814759131205,-1.8051598786789447,0.03907094279599103,0.039070942795991034,2b_baseline_plus_energy,margin_pre+entropy_pre+n_tokens+benchmark+planned_energy,test,,118.0,,,,171.0,0.0935672514619883,0.5555392156862745,0.8389047496157312,,,,,,,,,
phi-4-mini-instruct,new_error,binary,171,276,,276.0,0.036231884057971016,0.6909774436090226,0.06422378589805362,0.04094980656689899,0.03820647899093441,-0.07180267976579335,0.5245033394505502,-1.8270709448859075,0.03935465935748824,0.039354659357488254,4b_baseline_audit_energy,margin_pre+entropy_pre+n_tokens+benchmark+audit_pre+planned_energy,test,,118.0,,,,171.0,0.0935672514619883,0.537553590308938,0.8367696455905782,,,,,,,,,
phi-4-mini-instruct,prob_loss,continuous,247,408,,247.0,,,,,,,,,,,1_base_rate,constant (AUROC 0.5 by definition),dev_cv,5.0,100.0,,,spearman,,,,,-0.10505608906882591,,,-0.014555350475379036,0.21793671770274464,0.1631188413446618,,,
phi-4-mini-instruct,prob_loss,continuous,247,408,,247.0,,,,,,,,,,,2_baseline,margin_pre+entropy_pre+n_tokens+benchmark,dev_cv,5.0,100.0,0.4617082833133253,0.11493802984688728,spearman,,,,,-0.10505608906882591,0.4404362977285251,0.5865953753561909,0.3418531083783998,0.17553104981651851,0.112815191724746,,,
phi-4-mini-instruct,prob_loss,continuous,247,408,,247.0,,,,,,,,,,,3_audit_only,audit_pre,dev_cv,5.0,100.0,0.10758860162322474,0.13664675120579278,spearman,,,,,-0.10505608906882591,-0.016829470870949142,-0.01932331137171797,-0.027648739030441183,0.21933850542559155,0.16507940317237732,,,
phi-4-mini-instruct,prob_loss,continuous,247,408,,247.0,,,,,,,,,,,4_baseline_plus_audit,margin_pre+entropy_pre+n_tokens+benchmark+audit_pre,dev_cv,5.0,100.0,0.4548343337334934,0.11215480483441588,spearman,,,,,-0.10505608906882591,0.43778926982165206,0.584673830271449,0.3392846502968838,0.1758732265735296,0.11317796921982817,,,
phi-4-mini-instruct,prob_loss,continuous,247,408,,247.0,,,,,,,,,,,2b_baseline_plus_energy,margin_pre+entropy_pre+n_tokens+benchmark+planned_energy,dev_cv,5.0,100.0,0.47011404561824727,0.11126182060306353,spearman,,,,,-0.10505608906882591,0.4469511398783832,0.586861446114553,0.3420523391583412,0.17550447988556656,0.11310658607668601,,,
phi-4-mini-instruct,prob_loss,continuous,247,408,,247.0,,,,,,,,,,,4b_baseline_audit_energy,margin_pre+entropy_pre+n_tokens+benchmark+audit_pre+planned_energy,dev_cv,5.0,100.0,0.4636266506602641,0.11277669154799702,spearman,,,,,-0.10505608906882591,0.44376658374132383,0.5847529503645423,0.33921745152179783,0.17588217003527473,0.11354512928464093,,,
phi-4-mini-instruct,prob_loss,continuous,247,408,,408.0,,,,,,,,,,,1_base_rate,constant (AUROC 0.5 by definition),test,,160.0,,,,247.0,-0.10505608906882591,,,-0.08102939460784313,,,-0.015512942752980763,0.19439704642153438,0.14741650384020005,,,
phi-4-mini-instruct,prob_loss,continuous,247,408,,408.0,,,,,,,,,,,2_baseline,margin_pre+entropy_pre+n_tokens+benchmark,test,,160.0,,,,247.0,-0.10505608906882591,,,-0.08102939460784313,0.5238924318458333,0.6972125806276732,0.469468504536788,0.1405084737548919,0.09697441206218627,0.4110472840577264,0.622450659467698,
phi-4-mini-instruct,prob_loss,continuous,247,408,,408.0,,,,,,,,,,,3_audit_only,audit_pre,test,,160.0,,,,247.0,-0.10505608906882591,,,-0.08102939460784313,0.10168103713822506,0.12881175653248098,-0.006001544265388015,0.1934845333741127,0.14715891895782066,-0.019700520018410564,0.2163720480928874,
phi-4-mini-instruct,prob_loss,continuous,247,408,,408.0,,,,,,,,,,,4_baseline_plus_audit,margin_pre+entropy_pre+n_tokens+benchmark+audit_pre,test,,160.0,,,,247.0,-0.10505608906882591,,,-0.08102939460784313,0.5264421947148827,0.6963424663043599,0.46853574850464985,0.140631937274209,0.0969454130589222,0.4140941863766272,0.622965751560933,
phi-4-mini-instruct,prob_loss,continuous,247,408,,408.0,,,,,,,,,,,2b_baseline_plus_energy,margin_pre+entropy_pre+n_tokens+benchmark+planned_energy,test,,160.0,,,,247.0,-0.10505608906882591,,,-0.08102939460784313,0.5301575584187407,0.69663344253492,0.4682372228527515,0.1406714284976453,0.09693511770402309,0.41768938234951436,0.6266112284577752,
phi-4-mini-instruct,prob_loss,continuous,247,408,,408.0,,,,,,,,,,,4b_baseline_audit_energy,margin_pre+entropy_pre+n_tokens+benchmark+audit_pre+planned_energy,test,,160.0,,,,247.0,-0.10505608906882591,,,-0.08102939460784313,0.5310761515277551,0.6957493330576122,0.4672868515936096,0.14079707700921426,0.09693425808376546,0.41874444461013677,0.6270564206960704,
phi-4-mini-instruct,audit_cross,binary,38,51,predictor 3 is the score whose TAU crossing defines the target; partly mechanical,38.0,0.23684210526315788,0.5,0.23684210526315788,0.18863549786710965,0.18074800250713496,-0.04363807760289529,,,-0.0014148273910583598,0.0014148273910583598,1_base_rate,constant (AUROC 0.5 by definition),dev_cv,5.0,18.0,0.5,0.0,auroc,,,,,,,,,,,,,
phi-4-mini-instruct,audit_cross,binary,38,51,predictor 3 is the score whose TAU crossing defines the target; partly mechanical,38.0,0.23684210526315788,0.2681992337164751,0.17686959718867154,0.2820305632157995,0.18074800250713496,-0.5603523098666965,-0.6175267147058242,-2.257103153396836,0.0008159537165175479,0.32347254931664965,2_baseline,margin_pre+entropy_pre+n_tokens+benchmark,dev_cv,5.0,18.0,0.2375,0.1780975856096876,auroc,,,,,,,,,,,,,
phi-4-mini-instruct,audit_cross,binary,38,51,predictor 3 is the score whose TAU crossing defines the target; partly mechanical,38.0,0.23684210526315788,0.7950191570881227,0.6527777777777777,0.1367978452759156,0.18074800250713496,0.24315708401526848,1.3681945952668695,0.5883631496352769,-0.009040632555158218,0.08863764992506785,3_audit_only,audit_pre,dev_cv,5.0,18.0,0.8166666666666667,0.19790570145063197,auroc,,,,,,,,,,,,,
phi-4-mini-instruct,audit_cross,binary,38,51,predictor 3 is the score whose TAU crossing defines the target; partly mechanical,38.0,0.23684210526315788,0.48659003831417624,0.406482014269065,0.20939141368743622,0.18074800250713496,-0.1584715226890021,0.21386859380391113,-0.9518959795700966,0.023610416739532986,0.1781240294360029,4_baseline_plus_audit,margin_pre+entropy_pre+n_tokens+benchmark+audit_pre,dev_cv,5.0,18.0,0.3416666666666667,0.32521360501813096,auroc,,,,,,,,,,,,,
phi-4-mini-instruct,audit_cross,binary,38,51,predictor 3 is the score whose TAU crossing defines the target; partly mechanical,38.0,0.23684210526315788,0.31417624521072796,0.1880541202401106,0.29571364749799556,0.18074800250713496,-0.6360548575706797,-0.3279218459919585,-1.7349267947890177,0.009662703645137188,0.3224963743628529,2b_baseline_plus_energy,margin_pre+entropy_pre+n_tokens+benchmark+planned_energy,dev_cv,5.0,18.0,0.4,0.26246692913372704,auroc,,,,,,,,,,,,,
phi-4-mini-instruct,audit_cross,binary,38,51,predictor 3 is the score whose TAU crossing defines the target; partly mechanical,38.0,0.23684210526315788,0.47509578544061304,0.40675113512642114,0.2277603994801943,0.18074800250713496,-0.26009912320443784,0.17935776348782598,-0.9961690106274372,0.032946890514535726,0.21742933713054413,4b_baseline_audit_energy,margin_pre+entropy_pre+n_tokens+benchmark+audit_pre+planned_energy,dev_cv,5.0,18.0,0.5,0.27988092706244444,auroc,,,,,,,,,,,,,
phi-4-mini-instruct,audit_cross,binary,38,51,predictor 3 is the score whose TAU crossing defines the target; partly mechanical,51.0,0.4117647058823529,0.5,0.4117647058823529,0.27281244907935476,0.27281244907935476,0.0,,,-0.17492260061919504,0.17492260061919504,1_base_rate,constant (AUROC 0.5 by definition),test,,24.0,0.5,0.0,,38.0,0.23684210526315788,,,,,,,,,,,
phi-4-mini-instruct,audit_cross,binary,38,51,predictor 3 is the score whose TAU crossing defines the target; partly mechanical,51.0,0.4117647058823529,0.692063492063492,0.6179797767359665,0.21963781176117195,0.27281244907935476,0.19491279630980307,0.7694448988597803,0.07509329177384136,-0.03430412830904711,0.16684448825720133,2_baseline,margin_pre+entropy_pre+n_tokens+benchmark,test,,24.0,,,,38.0,0.23684210526315788,0.4562766830870279,0.8679086174242424,,,,,,,,,
phi-4-mini-instruct,audit_cross,binary,38,51,predictor 3 is the score whose TAU crossing defines the target; partly mechanical,51.0,0.4117647058823529,0.7936507936507936,0.7285333830501898,0.24292564509014544,0.27281244907935476,0.10955073381022995,2.063128715302526,2.336812335039404,-0.18346371143892945,0.22037998291358024,3_audit_only,audit_pre,test,,24.0,,,,38.0,0.23684210526315788,0.6103549760311595,0.9506708090759813,,,,,,,,,
phi-4-mini-instruct,audit_cross,binary,38,51,predictor 3 is the score whose TAU crossing defines the target; partly mechanical,51.0,0.4117647058823529,0.8301587301587302,0.692087855232552,0.19706418081517377,0.27281244907935476,0.27765693435106986,1.3336569393853261,1.1088138616432954,-0.1358143538959341,0.16363304823357513,4_baseline_plus_audit,margin_pre+entropy_pre+n_tokens+benchmark+audit_pre,test,,24.0,,,,38.0,0.23684210526315788,0.6650203831532613,0.9697115384615385,,,,,,,,,
phi-4-mini-instruct,audit_cross,binary,38,51,predictor 3 is the score whose TAU crossing defines the target; partly mechanical,51.0,0.4117647058823529,0.726984126984127,0.5782157567275408,0.2088952065681992,0.27281244907935476,0.2342900506441461,0.7434599772008789,-0.056609369166154014,0.0003813881276344966,0.14831761624182432,2b_baseline_plus_energy,margin_pre+entropy_pre+n_tokens+benchmark+planned_energy,test,,24.0,,,,38.0,0.23684210526315788,0.5031723985890653,0.9027840909090908,,,,,,,,,
phi-4-mini-instruct,audit_cross,binary,38,51,predictor 3 is the score whose TAU crossing defines the target; partly mechanical,51.0,0.4117647058823529,0.8317460317460318,0.8104428232697367,0.17513729386846982,0.27281244907935476,0.35803041811509684,1.1716894268824576,0.7605112696817357,-0.10228403769136607,0.1777601601315893,4b_baseline_audit_energy,margin_pre+entropy_pre+n_tokens+benchmark+audit_pre+planned_energy,test,,24.0,,,,38.0,0.23684210526315788,0.6603108465608466,0.9790209790209791,,,,,,,,,
